db2_file	store	entry_struct	definition_file	definition_line	extern_line	loaded_by_db2manager	load_line	load_info	load_info_line	loadinfo_fields	localized_fields	hotfix_statement	hotfix_table	has_max_id	has_locale	meta_name	table_hash	file_data_id	meta_file_fields	meta_db_fields	entry_struct_line	rust_status	rust_refs	notes
Achievement.db2	sAchievementStore	AchievementEntry	game/DataStores/DB2Stores.cpp	44	38	yes	620	AchievementLoadInfo	27	15	3	HOTFIX_SEL_ACHIEVEMENT	achievement	yes	yes	AchievementMeta	0xB885355D	1260179	15	15	28	missing	-	has_locale_table
Achievement_Category.db2	sAchievementCategoryStore	Achievement_CategoryEntry	game/DataStores/DB2Stores.cpp	45	39	yes	621	AchievementCategoryLoadInfo	51	4	1	HOTFIX_SEL_ACHIEVEMENT_CATEGORY	achievement_category	yes	yes	Achievement_CategoryMeta	0xC3562871	1324299	4	4	47	missing	-	has_locale_table
AdventureJournal.db2	sAdventureJournalStore	AdventureJournalEntry	game/DataStores/DB2Stores.cpp	46	40	yes	622	AdventureJournalLoadInfo	64	25	5	HOTFIX_SEL_ADVENTURE_JOURNAL	adventure_journal	yes	yes	AdventureJournalMeta	0xD04C194C	1115949	22	22	55	missing	-	has_locale_table
AdventureMapPOI.db2	sAdventureMapPOIStore	AdventureMapPOIEntry	game/DataStores/DB2Stores.cpp	47	41	yes	623	AdventureMapPoiLoadInfo	98	14	2	HOTFIX_SEL_ADVENTURE_MAP_POI	adventure_map_poi	yes	yes	AdventureMapPOIMeta	0x347D1163	1267070	12	12	82	missing	-	has_locale_table
AnimKit.db2	sAnimKitStore	AnimKitEntry	game/DataStores/DB2Stores.cpp	49	43	yes	625	AnimKitLoadInfo	136	4	0	HOTFIX_SEL_ANIM_KIT	anim_kit	yes	no	AnimKitMeta	0x6287EB21	1304323	3	3	108	missing	-	-
AnimationData.db2	sAnimationDataStore	AnimationDataEntry	game/DataStores/DB2Stores.cpp	48	42	yes	624	AnimationDataLoadInfo	121	6	0	HOTFIX_SEL_ANIMATION_DATA	animation_data	yes	no	AnimationDataMeta	0xE4D647E7	1375431	4	4	99	missing	-	-
AreaGroupMember.db2	sAreaGroupMemberStore	AreaGroupMemberEntry	game/DataStores/DB2Stores.cpp	50	-	yes	626	AreaGroupMemberLoadInfo	149	3	0	HOTFIX_SEL_AREA_GROUP_MEMBER	area_group_member	yes	no	AreaGroupMemberMeta	0x93C93492	1093406	2	1	116	missing	-	extern_missing_in_header
AreaTable.db2	sAreaTableStore	AreaTableEntry	game/DataStores/DB2Stores.cpp	51	44	yes	627	AreaTableLoadInfo	161	28	2	HOTFIX_SEL_AREA_TABLE	area_table	yes	yes	AreaTableMeta	0x19CA1DC6	1353545	23	23	123	missing	-	has_locale_table
AreaTrigger.db2	sAreaTriggerStore	AreaTriggerEntry	game/DataStores/DB2Stores.cpp	52	45	yes	628	AreaTriggerLoadInfo	198	18	1	HOTFIX_SEL_AREA_TRIGGER	area_trigger	yes	yes	AreaTriggerMeta	0x3845397A	1354401	16	16	161	missing	-	has_locale_table
ArmorLocation.db2	sArmorLocationStore	ArmorLocationEntry	game/DataStores/DB2Stores.cpp	53	46	yes	629	ArmorLocationLoadInfo	225	6	0	HOTFIX_SEL_ARMOR_LOCATION	armor_location	yes	no	ArmorLocationMeta	0x6FA608FB	1284818	5	5	181	missing	-	-
Artifact.db2	sArtifactStore	ArtifactEntry	game/DataStores/DB2Stores.cpp	54	47	yes	630	ArtifactLoadInfo	240	11	1	HOTFIX_SEL_ARTIFACT	artifact	yes	yes	ArtifactMeta	0x727E7DFA	1007934	11	11	191	missing	-	has_locale_table
ArtifactAppearance.db2	sArtifactAppearanceStore	ArtifactAppearanceEntry	game/DataStores/DB2Stores.cpp	55	49	yes	631	ArtifactAppearanceLoadInfo	260	15	1	HOTFIX_SEL_ARTIFACT_APPEARANCE	artifact_appearance	yes	yes	ArtifactAppearanceMeta	0xAF622182	1116407	15	15	206	missing	-	has_locale_table
ArtifactAppearanceSet.db2	sArtifactAppearanceSetStore	ArtifactAppearanceSetEntry	game/DataStores/DB2Stores.cpp	56	50	yes	632	ArtifactAppearanceSetLoadInfo	284	9	2	HOTFIX_SEL_ARTIFACT_APPEARANCE_SET	artifact_appearance_set	yes	yes	ArtifactAppearanceSetMeta	0x14519E02	1116408	9	8	225	missing	-	has_locale_table
ArtifactCategory.db2	sArtifactCategoryStore	ArtifactCategoryEntry	game/DataStores/DB2Stores.cpp	57	48	yes	633	ArtifactCategoryLoadInfo	302	3	0	HOTFIX_SEL_ARTIFACT_CATEGORY	artifact_category	yes	no	ArtifactCategoryMeta	0xAA92CE1F	1376210	2	2	238	missing	-	-
ArtifactPower.db2	sArtifactPowerStore	ArtifactPowerEntry	game/DataStores/DB2Stores.cpp	58	51	yes	634	ArtifactPowerLoadInfo	314	8	0	HOTFIX_SEL_ARTIFACT_POWER	artifact_power	yes	no	ArtifactPowerMeta	0x421879C5	1007937	7	7	245	missing	-	-
ArtifactPowerLink.db2	sArtifactPowerLinkStore	ArtifactPowerLinkEntry	game/DataStores/DB2Stores.cpp	59	-	yes	635	ArtifactPowerLinkLoadInfo	331	3	0	HOTFIX_SEL_ARTIFACT_POWER_LINK	artifact_power_link	yes	no	ArtifactPowerLinkMeta	0xD2E6E484	1133731	2	2	256	missing	-	extern_missing_in_header
ArtifactPowerPicker.db2	sArtifactPowerPickerStore	ArtifactPowerPickerEntry	game/DataStores/DB2Stores.cpp	60	52	yes	636	ArtifactPowerPickerLoadInfo	343	2	0	HOTFIX_SEL_ARTIFACT_POWER_PICKER	artifact_power_picker	yes	no	ArtifactPowerPickerMeta	0xAA18FF1B	1597467	1	1	263	missing	-	-
ArtifactPowerRank.db2	sArtifactPowerRankStore	ArtifactPowerRankEntry	game/DataStores/DB2Stores.cpp	61	-	yes	637	ArtifactPowerRankLoadInfo	354	6	0	HOTFIX_SEL_ARTIFACT_POWER_RANK	artifact_power_rank	yes	no	ArtifactPowerRankMeta	0xD1061B77	1261405	5	4	269	missing	-	extern_missing_in_header
ArtifactQuestXP.db2	sArtifactQuestXPStore	ArtifactQuestXPEntry	game/DataStores/DB2Stores.cpp	62	-	no	-	ArtifactQuestXpLoadInfo	369	11	0	HOTFIX_SEL_ARTIFACT_QUEST_XP	artifact_quest_xp	yes	no	ArtifactQuestXPMeta	0xBFB6413C	1036203	1	1	279	missing	-	defined_but_not_loaded_by_DB2Manager;extern_missing_in_header
ArtifactTier.db2	sArtifactTierStore	ArtifactTierEntry	game/DataStores/DB2Stores.cpp	63	53	yes	638	ArtifactTierLoadInfo	389	6	0	HOTFIX_SEL_ARTIFACT_TIER	artifact_tier	yes	no	ArtifactTierMeta	0x91AD7570	1600114	5	5	285	missing	-	-
ArtifactUnlock.db2	sArtifactUnlockStore	ArtifactUnlockEntry	game/DataStores/DB2Stores.cpp	64	54	yes	639	ArtifactUnlockLoadInfo	404	6	0	HOTFIX_SEL_ARTIFACT_UNLOCK	artifact_unlock	yes	no	ArtifactUnlockMeta	0xAED3BBEA	1094540	5	4	295	missing	-	-
AuctionHouse.db2	sAuctionHouseStore	AuctionHouseEntry	game/DataStores/DB2Stores.cpp	65	55	yes	640	AuctionHouseLoadInfo	419	5	1	HOTFIX_SEL_AUCTION_HOUSE	auction_house	yes	yes	AuctionHouseMeta	0x8925F061	1237439	4	4	305	missing	-	has_locale_table
AzeriteEmpoweredItem.db2	sAzeriteEmpoweredItemStore	AzeriteEmpoweredItemEntry	game/DataStores/DB2Stores.cpp	66	-	yes	641	AzeriteEmpoweredItemLoadInfo	433	4	0	HOTFIX_SEL_AZERITE_EMPOWERED_ITEM	azerite_empowered_item	yes	no	AzeriteEmpoweredItemMeta	0xA33729C4	1846046	3	3	314	missing	-	extern_missing_in_header
AzeriteEssence.db2	sAzeriteEssenceStore	AzeriteEssenceEntry	game/DataStores/DB2Stores.cpp	67	56	yes	642	AzeriteEssenceLoadInfo	446	4	2	HOTFIX_SEL_AZERITE_ESSENCE	azerite_essence	yes	yes	AzeriteEssenceMeta	0x78739DBC	2829665	3	3	322	missing	-	has_locale_table
AzeriteEssencePower.db2	sAzeriteEssencePowerStore	AzeriteEssencePowerEntry	game/DataStores/DB2Stores.cpp	68	-	yes	643	AzeriteEssencePowerLoadInfo	459	9	2	HOTFIX_SEL_AZERITE_ESSENCE_POWER	azerite_essence_power	yes	yes	AzeriteEssencePowerMeta	0x054DFF02	2829666	8	8	330	missing	-	extern_missing_in_header;has_locale_table
AzeriteItem.db2	sAzeriteItemStore	AzeriteItemEntry	game/DataStores/DB2Stores.cpp	69	-	yes	644	AzeriteItemLoadInfo	477	2	0	HOTFIX_SEL_AZERITE_ITEM	azerite_item	yes	no	AzeriteItemMeta	0x358673DD	1846048	1	1	343	missing	-	extern_missing_in_header
AzeriteItemMilestonePower.db2	sAzeriteItemMilestonePowerStore	AzeriteItemMilestonePowerEntry	game/DataStores/DB2Stores.cpp	70	58	yes	645	AzeriteItemMilestonePowerLoadInfo	488	5	0	HOTFIX_SEL_AZERITE_ITEM_MILESTONE_POWER	azerite_item_milestone_power	yes	no	AzeriteItemMilestonePowerMeta	0x82DD9DC4	1915395	4	4	349	missing	-	-
AzeriteKnowledgeMultiplier.db2	sAzeriteKnowledgeMultiplierStore	AzeriteKnowledgeMultiplierEntry	game/DataStores/DB2Stores.cpp	71	57	yes	646	AzeriteKnowledgeMultiplierLoadInfo	502	2	0	HOTFIX_SEL_AZERITE_KNOWLEDGE_MULTIPLIER	azerite_knowledge_multiplier	yes	no	AzeriteKnowledgeMultiplierMeta	0x9DCCF58B	3148050	1	1	358	missing	-	-
AzeriteLevelInfo.db2	sAzeriteLevelInfoStore	AzeriteLevelInfoEntry	game/DataStores/DB2Stores.cpp	72	59	yes	647	AzeriteLevelInfoLoadInfo	513	4	0	HOTFIX_SEL_AZERITE_LEVEL_INFO	azerite_level_info	yes	no	AzeriteLevelInfoMeta	0xFB87ABE1	3147968	3	3	364	missing	-	-
AzeritePower.db2	sAzeritePowerStore	AzeritePowerEntry	game/DataStores/DB2Stores.cpp	73	60	yes	648	AzeritePowerLoadInfo	526	5	0	HOTFIX_SEL_AZERITE_POWER	azerite_power	yes	no	AzeritePowerMeta	0x20D09908	1846044	4	4	372	missing	-	-
AzeritePowerSetMember.db2	sAzeritePowerSetMemberStore	AzeritePowerSetMemberEntry	game/DataStores/DB2Stores.cpp	74	-	yes	649	AzeritePowerSetMemberLoadInfo	540	6	0	HOTFIX_SEL_AZERITE_POWER_SET_MEMBER	azerite_power_set_member	yes	no	AzeritePowerSetMemberMeta	0xDD075CEB	1846040	5	5	381	missing	-	extern_missing_in_header
AzeriteTierUnlock.db2	sAzeriteTierUnlockStore	AzeriteTierUnlockEntry	game/DataStores/DB2Stores.cpp	75	-	yes	650	AzeriteTierUnlockLoadInfo	555	5	0	HOTFIX_SEL_AZERITE_TIER_UNLOCK	azerite_tier_unlock	yes	no	AzeriteTierUnlockMeta	0x63D128C5	1846043	4	3	391	missing	-	extern_missing_in_header
AzeriteTierUnlockSet.db2	sAzeriteTierUnlockSetStore	AzeriteTierUnlockSetEntry	game/DataStores/DB2Stores.cpp	76	-	yes	651	AzeriteTierUnlockSetLoadInfo	569	2	0	HOTFIX_SEL_AZERITE_TIER_UNLOCK_SET	azerite_tier_unlock_set	yes	no	AzeriteTierUnlockSetMeta	0x0E377BCA	2446322	1	1	400	missing	-	extern_missing_in_header
BankBagSlotPrices.db2	sBankBagSlotPricesStore	BankBagSlotPricesEntry	game/DataStores/DB2Stores.cpp	77	61	yes	652	BankBagSlotPricesLoadInfo	580	2	0	HOTFIX_SEL_BANK_BAG_SLOT_PRICES	bank_bag_slot_prices	yes	no	BankBagSlotPricesMeta	0x972171FF	1284819	1	1	406	missing	-	-
BannedAddons.db2	sBannedAddonsStore	BannedAddonsEntry	game/DataStores/DB2Stores.cpp	78	62	yes	653	BannedAddonsLoadInfo	591	4	2	HOTFIX_SEL_BANNED_ADDONS	banned_addons	yes	no	BannedAddonsMeta	0x3BE3470D	1373459	3	3	412	missing	-	-
BarberShopStyle.db2	sBarberShopStyleStore	BarberShopStyleEntry	game/DataStores/DB2Stores.cpp	79	63	yes	654	BarberShopStyleLoadInfo	604	8	2	HOTFIX_SEL_BARBER_SHOP_STYLE	barber_shop_style	yes	yes	BarberShopStyleMeta	0x465D901C	1237437	8	8	420	missing	-	has_locale_table
BattlePetAbility.db2	sBattlePetAbilityStore	BattlePetAbilityEntry	game/DataStores/DB2Stores.cpp	80	64	yes	655	BattlePetAbilityLoadInfo	621	8	2	HOTFIX_SEL_BATTLE_PET_ABILITY	battle_pet_ability	yes	yes	BattlePetAbilityMeta	0xF9548A5A	841610	7	7	432	missing	-	has_locale_table
BattlePetBreedQuality.db2	sBattlePetBreedQualityStore	BattlePetBreedQualityEntry	game/DataStores/DB2Stores.cpp	81	65	yes	656	BattlePetBreedQualityLoadInfo	638	3	0	HOTFIX_SEL_BATTLE_PET_BREED_QUALITY	battle_pet_breed_quality	yes	no	BattlePetBreedQualityMeta	0x15F18463	801578	2	2	444	missing	-	-
BattlePetBreedState.db2	sBattlePetBreedStateStore	BattlePetBreedStateEntry	game/DataStores/DB2Stores.cpp	82	66	yes	657	BattlePetBreedStateLoadInfo	650	4	0	HOTFIX_SEL_BATTLE_PET_BREED_STATE	battle_pet_breed_state	yes	no	BattlePetBreedStateMeta	0xFACA6D44	801579	3	2	451	missing	-	-
BattlePetSpecies.db2	sBattlePetSpeciesStore	BattlePetSpeciesEntry	game/DataStores/DB2Stores.cpp	83	67	yes	658	BattlePetSpeciesLoadInfo	663	11	2	HOTFIX_SEL_BATTLE_PET_SPECIES	battle_pet_species	yes	yes	BattlePetSpeciesMeta	0xA8750D81	841622	11	11	459	missing	-	has_locale_table
BattlePetSpeciesState.db2	sBattlePetSpeciesStateStore	BattlePetSpeciesStateEntry	game/DataStores/DB2Stores.cpp	84	68	yes	659	BattlePetSpeciesStateLoadInfo	683	4	0	HOTFIX_SEL_BATTLE_PET_SPECIES_STATE	battle_pet_species_state	yes	no	BattlePetSpeciesStateMeta	0x474FCD33	801581	3	2	476	missing	-	-
BattlemasterList.db2	sBattlemasterListStore	BattlemasterListEntry	game/DataStores/DB2Stores.cpp	85	69	yes	660	BattlemasterListLoadInfo	696	33	4	HOTFIX_SEL_BATTLEMASTER_LIST	battlemaster_list	yes	yes	BattlemasterListMeta	0xFF326044	1360265	17	17	484	missing	-	has_locale_table
BroadcastText.db2	sBroadcastTextStore	BroadcastTextEntry	game/DataStores/DB2Stores.cpp	86	70	yes	661	BroadcastTextLoadInfo	738	17	2	HOTFIX_SEL_BROADCAST_TEXT	broadcast_	yes	yes	BroadcastTextMeta	0x4CCDE707	841604	12	12	510	missing	-	has_locale_table
Cfg_Categories.db2	sCfgCategoriesStore	Cfg_CategoriesEntry	game/DataStores/DB2Stores.cpp	87	71	yes	662	CfgCategoriesLoadInfo	764	7	1	HOTFIX_SEL_CFG_CATEGORIES	cfg_categories	yes	yes	Cfg_CategoriesMeta	0x37159FFC	1068162	6	6	526	missing	-	has_locale_table
Cfg_Regions.db2	sCfgRegionsStore	Cfg_RegionsEntry	game/DataStores/DB2Stores.cpp	88	72	yes	663	CfgRegionsLoadInfo	780	6	1	HOTFIX_SEL_CFG_REGIONS	cfg_regions	yes	no	Cfg_RegionsMeta	0xFC93C56C	1082876	5	5	541	missing	-	-
CharTitles.db2	sCharTitlesStore	CharTitlesEntry	game/DataStores/DB2Stores.cpp	89	73	yes	664	CharTitlesLoadInfo	795	5	2	HOTFIX_SEL_CHAR_TITLES	char_titles	yes	yes	CharTitlesMeta	0xD7398A05	1349054	4	4	551	missing	-	has_locale_table
CharacterLoadout.db2	sCharacterLoadoutStore	CharacterLoadoutEntry	game/DataStores/DB2Stores.cpp	90	74	yes	665	CharacterLoadoutLoadInfo	809	5	0	HOTFIX_SEL_CHARACTER_LOADOUT	character_loadout	yes	no	CharacterLoadoutMeta	0xCA30C801	1344281	5	5	560	missing	-	-
CharacterLoadoutItem.db2	sCharacterLoadoutItemStore	CharacterLoadoutItemEntry	game/DataStores/DB2Stores.cpp	91	75	yes	666	CharacterLoadoutItemLoadInfo	823	3	0	HOTFIX_SEL_CHARACTER_LOADOUT_ITEM	character_loadout_item	yes	no	CharacterLoadoutItemMeta	0x24843CD8	1302846	2	2	571	missing	-	-
ChatChannels.db2	sChatChannelsStore	ChatChannelsEntry	game/DataStores/DB2Stores.cpp	92	76	yes	667	ChatChannelsLoadInfo	835	6	2	HOTFIX_SEL_CHAT_CHANNELS	chat_channels	yes	yes	ChatChannelsMeta	0x117C72BB	1345278	6	6	578	missing	-	has_locale_table
ChrClassUIDisplay.db2	sChrClassUIDisplayStore	ChrClassUIDisplayEntry	game/DataStores/DB2Stores.cpp	93	-	yes	668	ChrClassUiDisplayLoadInfo	850	4	0	HOTFIX_SEL_CHR_CLASS_UI_DISPLAY	chr_class_ui_display	yes	no	ChrClassUIDisplayMeta	0x89E07C1C	1316515	3	3	591	missing	-	extern_missing_in_header
ChrClasses.db2	sChrClassesStore	ChrClassesEntry	game/DataStores/DB2Stores.cpp	94	77	yes	669	ChrClassesLoadInfo	863	25	5	HOTFIX_SEL_CHR_CLASSES	chr_classes	yes	yes	ChrClassesMeta	0x3F74F8D7	1361031	25	25	599	missing	-	has_locale_table
ChrClassesXPowerTypes.db2	sChrClassesXPowerTypesStore	ChrClassesXPowerTypesEntry	game/DataStores/DB2Stores.cpp	95	-	yes	670	ChrClassesXPowerTypesLoadInfo	897	3	0	HOTFIX_SEL_CHR_CLASSES_X_POWER_TYPES	chr_classes_x_power_types	yes	no	ChrClassesXPowerTypesMeta	0x71C99BFD	1121420	2	1	628	missing	-	extern_missing_in_header
ChrCustomizationChoice.db2	sChrCustomizationChoiceStore	ChrCustomizationChoiceEntry	game/DataStores/DB2Stores.cpp	96	-	yes	671	ChrCustomizationChoiceLoadInfo	909	12	1	HOTFIX_SEL_CHR_CUSTOMIZATION_CHOICE	chr_customization_choice	yes	yes	ChrCustomizationChoiceMeta	0xAA548AE1	3450554	11	11	635	missing	-	extern_missing_in_header;has_locale_table
ChrCustomizationDisplayInfo.db2	sChrCustomizationDisplayInfoStore	ChrCustomizationDisplayInfoEntry	game/DataStores/DB2Stores.cpp	97	-	yes	672	ChrCustomizationDisplayInfoLoadInfo	930	5	0	HOTFIX_SEL_CHR_CUSTOMIZATION_DISPLAY_INFO	chr_customization_display_info	yes	no	ChrCustomizationDisplayInfoMeta	0x6C319AFC	3593032	5	5	650	missing	-	extern_missing_in_header
ChrCustomizationElement.db2	sChrCustomizationElementStore	ChrCustomizationElementEntry	game/DataStores/DB2Stores.cpp	98	-	yes	673	ChrCustomizationElementLoadInfo	944	13	0	HOTFIX_SEL_CHR_CUSTOMIZATION_ELEMENT	chr_customization_element	yes	no	ChrCustomizationElementMeta	0x53892C8D	3512765	13	13	659	missing	-	extern_missing_in_header
ChrCustomizationOption.db2	sChrCustomizationOptionStore	ChrCustomizationOptionEntry	game/DataStores/DB2Stores.cpp	99	79	yes	674	ChrCustomizationOptionLoadInfo	966	12	1	HOTFIX_SEL_CHR_CUSTOMIZATION_OPTION	chr_customization_option	yes	yes	ChrCustomizationOptionMeta	0x26DBFCD5	3384247	12	12	676	missing	-	has_locale_table
ChrCustomizationReq.db2	sChrCustomizationReqStore	ChrCustomizationReqEntry	game/DataStores/DB2Stores.cpp	100	78	yes	675	ChrCustomizationReqLoadInfo	987	9	1	HOTFIX_SEL_CHR_CUSTOMIZATION_REQ	chr_customization_req	yes	yes	ChrCustomizationReqMeta	0x9B25E739	3450453	9	9	692	missing	-	has_locale_table
ChrCustomizationReqChoice.db2	sChrCustomizationReqChoiceStore	ChrCustomizationReqChoiceEntry	game/DataStores/DB2Stores.cpp	101	-	yes	676	ChrCustomizationReqChoiceLoadInfo	1005	3	0	HOTFIX_SEL_CHR_CUSTOMIZATION_REQ_CHOICE	chr_customization_req_choice	yes	no	ChrCustomizationReqChoiceMeta	0x52D624D9	3580359	2	1	707	missing	-	extern_missing_in_header
ChrModel.db2	sChrModelStore	ChrModelEntry	game/DataStores/DB2Stores.cpp	102	-	yes	677	ChrModelLoadInfo	1017	21	0	HOTFIX_SEL_CHR_MODEL	chr_model	yes	no	ChrModelMeta	0x79F06E99	3384313	17	17	714	missing	-	extern_missing_in_header
ChrRaceXChrModel.db2	sChrRaceXChrModelStore	ChrRaceXChrModelEntry	game/DataStores/DB2Stores.cpp	103	-	yes	678	ChrRaceXChrModelLoadInfo	1047	5	0	HOTFIX_SEL_CHR_RACE_X_CHR_MODEL	chr_race_x_chr_model	yes	no	ChrRaceXChrModelMeta	0xE0B5AE0D	3490304	4	4	735	missing	-	extern_missing_in_header
ChrRaces.db2	sChrRacesStore	ChrRacesEntry	game/DataStores/DB2Stores.cpp	104	80	yes	679	ChrRacesLoadInfo	1061	68	15	HOTFIX_SEL_CHR_RACES	chr_races	yes	yes	ChrRacesMeta	0x756C30D6	1305311	57	57	744	missing	-	has_locale_table
ChrSpecialization.db2	sChrSpecializationStore	ChrSpecializationEntry	game/DataStores/DB2Stores.cpp	105	81	yes	680	ChrSpecializationLoadInfo	1138	14	3	HOTFIX_SEL_CHR_SPECIALIZATION	chr_specialization	yes	yes	ChrSpecializationMeta	0x1F1A9A8F	1343390	13	13	810	missing	-	has_locale_table
CinematicCamera.db2	sCinematicCameraStore	CinematicCameraEntry	game/DataStores/DB2Stores.cpp	106	82	yes	681	CinematicCameraLoadInfo	1161	7	0	HOTFIX_SEL_CINEMATIC_CAMERA	cinematic_camera	yes	no	CinematicCameraMeta	0x744B99BC	1294214	4	4	835	missing	-	-
CinematicSequences.db2	sCinematicSequencesStore	CinematicSequencesEntry	game/DataStores/DB2Stores.cpp	107	83	yes	682	CinematicSequencesLoadInfo	1177	10	0	HOTFIX_SEL_CINEMATIC_SEQUENCES	cinematic_sequences	yes	no	CinematicSequencesMeta	0x32B8FB41	1134583	2	2	844	missing	-	-
ConditionalChrModel.db2	sConditionalChrModelStore	ConditionalChrModelEntry	game/DataStores/DB2Stores.cpp	108	84	yes	683	ConditionalChrModelLoadInfo	1196	6	0	HOTFIX_SEL_CONDITIONAL_CHR_MODEL	conditional_chr_model	yes	no	ConditionalChrModelMeta	0x4467B29C	5211412	6	6	851	missing	-	-
ConditionalContentTuning.db2	sConditionalContentTuningStore	ConditionalContentTuningEntry	game/DataStores/DB2Stores.cpp	109	-	yes	684	ConditionalContentTuningLoadInfo	1211	5	0	HOTFIX_SEL_CONDITIONAL_CONTENT_TUNING	conditional_content_tuning	yes	no	ConditionalContentTuningMeta	0x8DF8B6EC	3501965	4	3	861	missing	-	extern_missing_in_header
ContentTuning.db2	sContentTuningStore	ContentTuningEntry	game/DataStores/DB2Stores.cpp	110	85	yes	685	ContentTuningLoadInfo	1225	6	0	HOTFIX_SEL_CONTENT_TUNING	content_tuning	yes	no	ContentTuningMeta	0x7BE7E4B1	1962930	6	6	870	missing	-	-
ConversationLine.db2	sConversationLineStore	ConversationLineEntry	game/DataStores/DB2Stores.cpp	111	86	yes	686	ConversationLineLoadInfo	1240	9	0	HOTFIX_SEL_CONVERSATION_LINE	conversation_line	yes	no	ConversationLineMeta	0x9EE67C1B	1260801	8	8	894	missing	-	-
CreatureDisplayInfo.db2	sCreatureDisplayInfoStore	CreatureDisplayInfoEntry	game/DataStores/DB2Stores.cpp	112	87	yes	687	CreatureDisplayInfoLoadInfo	1258	28	0	HOTFIX_SEL_CREATURE_DISPLAY_INFO	creature_display_info	yes	no	CreatureDisplayInfoMeta	0xC99CB5F9	1108759	25	25	919	missing	-	-
CreatureDisplayInfoExtra.db2	sCreatureDisplayInfoExtraStore	CreatureDisplayInfoExtraEntry	game/DataStores/DB2Stores.cpp	113	88	yes	688	CreatureDisplayInfoExtraLoadInfo	1295	15	0	HOTFIX_SEL_CREATURE_DISPLAY_INFO_EXTRA	creature_display_info_extra	yes	no	CreatureDisplayInfoExtraMeta	0x03BFCF96	1264997	13	13	948	missing	-	-
CreatureFamily.db2	sCreatureFamilyStore	CreatureFamilyEntry	game/DataStores/DB2Stores.cpp	114	89	yes	689	CreatureFamilyLoadInfo	1319	12	1	HOTFIX_SEL_CREATURE_FAMILY	creature_family	yes	yes	CreatureFamilyMeta	0x67175047	1351351	10	10	965	missing	-	has_locale_table
CreatureModelData.db2	sCreatureModelDataStore	CreatureModelDataEntry	game/DataStores/DB2Stores.cpp	115	90	yes	690	CreatureModelDataLoadInfo	1340	34	0	HOTFIX_SEL_CREATURE_MODEL_DATA	creature_model_data	yes	no	CreatureModelDataMeta	0x925EA78B	1365368	28	28	980	missing	-	-
CreatureType.db2	sCreatureTypeStore	CreatureTypeEntry	game/DataStores/DB2Stores.cpp	116	91	yes	691	CreatureTypeLoadInfo	1383	3	1	HOTFIX_SEL_CREATURE_TYPE	creature_type	yes	yes	CreatureTypeMeta	0xBDB743EB	1131315	2	2	1015	missing	-	has_locale_table
Criteria.db2	sCriteriaStore	CriteriaEntry	game/DataStores/DB2Stores.cpp	117	92	yes	692	CriteriaLoadInfo	1395	12	0	HOTFIX_SEL_CRITERIA	criteria	yes	no	CriteriaMeta	0x2C87F5ED	1263817	11	11	1022	missing	-	-
CriteriaTree.db2	sCriteriaTreeStore	CriteriaTreeEntry	game/DataStores/DB2Stores.cpp	118	93	yes	693	CriteriaTreeLoadInfo	1416	8	1	HOTFIX_SEL_CRITERIA_TREE	criteria_tree	yes	yes	CriteriaTreeMeta	0xFDD54C23	1263818	7	7	1237	missing	-	has_locale_table
CurrencyContainer.db2	sCurrencyContainerStore	CurrencyContainerEntry	game/DataStores/DB2Stores.cpp	119	-	yes	694	CurrencyContainerLoadInfo	1433	9	2	HOTFIX_SEL_CURRENCY_CONTAINER	currency_container	yes	yes	CurrencyContainerMeta	0x43B60080	1934603	8	7	1251	missing	-	extern_missing_in_header;has_locale_table
CurrencyTypes.db2	sCurrencyTypesStore	CurrencyTypesEntry	game/DataStores/DB2Stores.cpp	120	94	yes	695	CurrencyTypesLoadInfo	1451	14	2	HOTFIX_SEL_CURRENCY_TYPES	currency_types	yes	yes	CurrencyTypesMeta	0xE814E32E	1095531	12	12	1264	missing	-	has_locale_table
Curve.db2	sCurveStore	CurveEntry	game/DataStores/DB2Stores.cpp	121	95	yes	696	CurveLoadInfo	1474	3	0	HOTFIX_SEL_CURVE	curve	yes	no	CurveMeta	0x58B43CA3	892585	3	3	1335	missing	-	-
CurvePoint.db2	sCurvePointStore	CurvePointEntry	game/DataStores/DB2Stores.cpp	122	-	yes	697	CurvePointLoadInfo	1486	7	0	HOTFIX_SEL_CURVE_POINT	curve_point	yes	no	CurvePointMeta	0x32694505	892586	5	5	1342	missing	-	extern_missing_in_header
DestructibleModelData.db2	sDestructibleModelDataStore	DestructibleModelDataEntry	game/DataStores/DB2Stores.cpp	123	96	yes	698	DestructibleModelDataLoadInfo	1502	23	0	HOTFIX_SEL_DESTRUCTIBLE_MODEL_DATA	destructible_model_data	yes	no	DestructibleModelDataMeta	0xA4261431	1122116	22	22	1351	missing	-	-
Difficulty.db2	sDifficultyStore	DifficultyEntry	game/DataStores/DB2Stores.cpp	124	97	yes	699	DifficultyLoadInfo	1534	14	1	HOTFIX_SEL_DIFFICULTY	difficulty	yes	yes	DifficultyMeta	0x3FE0C298	1352127	13	13	1378	missing	-	has_locale_table
DungeonEncounter.db2	sDungeonEncounterStore	DungeonEncounterEntry	game/DataStores/DB2Stores.cpp	125	98	yes	700	DungeonEncounterLoadInfo	1557	8	1	HOTFIX_SEL_DUNGEON_ENCOUNTER	dungeon_encounter	yes	yes	DungeonEncounterMeta	0x737936D8	1347279	8	8	1396	missing	-	has_locale_table
DurabilityCosts.db2	sDurabilityCostsStore	DurabilityCostsEntry	game/DataStores/DB2Stores.cpp	126	99	yes	701	DurabilityCostsLoadInfo	1574	30	0	HOTFIX_SEL_DURABILITY_COSTS	durability_costs	yes	no	DurabilityCostsMeta	0x3DBDFDD1	1283019	2	2	1408	missing	-	-
DurabilityQuality.db2	sDurabilityQualityStore	DurabilityQualityEntry	game/DataStores/DB2Stores.cpp	127	100	yes	702	DurabilityQualityLoadInfo	1613	2	0	HOTFIX_SEL_DURABILITY_QUALITY	durability_quality	yes	no	DurabilityQualityMeta	0xD4F6FFC8	1130268	1	1	1415	missing	-	-
Emotes.db2	sEmotesStore	EmotesEntry	game/DataStores/DB2Stores.cpp	128	101	yes	703	EmotesLoadInfo	1624	10	1	HOTFIX_SEL_EMOTES	emotes	yes	no	EmotesMeta	0xC2B2FDD1	1343602	9	9	1421	missing	-	-
EmotesText.db2	sEmotesTextStore	EmotesTextEntry	game/DataStores/DB2Stores.cpp	129	102	yes	704	EmotesTextLoadInfo	1643	3	1	HOTFIX_SEL_EMOTES_TEXT	emotes_text	yes	no	EmotesTextMeta	0x8C749D28	1347273	2	2	1435	missing	-	-
EmotesTextSound.db2	sEmotesTextSoundStore	EmotesTextSoundEntry	game/DataStores/DB2Stores.cpp	130	-	yes	705	EmotesTextSoundLoadInfo	1655	6	0	HOTFIX_SEL_EMOTES_TEXT_SOUND	emotes_text_sound	yes	no	EmotesTextSoundMeta	0xF058B2EF	1286524	5	4	1442	missing	-	extern_missing_in_header
ExpectedStat.db2	sExpectedStatStore	ExpectedStatEntry	game/DataStores/DB2Stores.cpp	131	-	yes	706	ExpectedStatLoadInfo	1670	12	0	HOTFIX_SEL_EXPECTED_STAT	expected_stat	yes	no	ExpectedStatMeta	0xD0570787	1937326	11	10	1452	missing	-	extern_missing_in_header
ExpectedStatMod.db2	sExpectedStatModStore	ExpectedStatModEntry	game/DataStores/DB2Stores.cpp	132	-	yes	707	ExpectedStatModLoadInfo	1691	10	0	HOTFIX_SEL_EXPECTED_STAT_MOD	expected_stat_mod	yes	no	ExpectedStatModMeta	0x462D65F2	1969773	9	9	1468	missing	-	extern_missing_in_header
Faction.db2	sFactionStore	FactionEntry	game/DataStores/DB2Stores.cpp	133	103	yes	708	FactionLoadInfo	1710	35	2	HOTFIX_SEL_FACTION	faction	yes	yes	FactionMeta	0x767B5394	1361972	18	18	1482	partial	crates/wow-data/src/progression_rewards.rs; crates/world-server/src/main.rs; crates/wow-network/src/accept.rs; crates/wow-world/src/session.rs; crates/wow-world/src/handlers/quest.rs	#NEXT.R8.ENTITIES.661 loads Faction.db2 as progression FactionStore and uses it for represented RewardReputation FactionStore existence gate; hotfix SQL overlay/localized table/full faction runtime parity remains incomplete
FactionTemplate.db2	sFactionTemplateStore	FactionTemplateEntry	game/DataStores/DB2Stores.cpp	134	104	yes	709	FactionTemplateLoadInfo	1754	22	0	HOTFIX_SEL_FACTION_TEMPLATE	faction_template	yes	no	FactionTemplateMeta	0x207C5E80	1361579	7	7	1512	missing	-	-
FriendshipRepReaction.db2	sFriendshipRepReactionStore	FriendshipRepReactionEntry	game/DataStores/DB2Stores.cpp	135	105	yes	710	FriendshipRepReactionLoadInfo	1785	4	1	HOTFIX_SEL_FRIENDSHIP_REP_REACTION	friendship_rep_reaction	yes	yes	FriendshipRepReactionMeta	0x511B0C62	1237638	3	3	1567	missing	-	has_locale_table
FriendshipReputation.db2	sFriendshipReputationStore	FriendshipReputationEntry	game/DataStores/DB2Stores.cpp	136	106	yes	711	FriendshipReputationLoadInfo	1798	4	1	HOTFIX_SEL_FRIENDSHIP_REPUTATION	friendship_reputation	yes	yes	FriendshipReputationMeta	0x25F91756	1237639	4	4	1575	missing	-	has_locale_table
GameObjectArtKit.db2	sGameObjectArtKitStore	GameObjectArtKitEntry	game/DataStores/DB2Stores.cpp	137	107	yes	713	GameobjectArtKitLoadInfo	1811	5	0	HOTFIX_SEL_GAMEOBJECT_ART_KIT	gameobject_art_kit	yes	no	GameObjectArtKitMeta	0x520690EF	1266737	2	2	1585	missing	-	-
GameObjectDisplayInfo.db2	sGameObjectDisplayInfoStore	GameObjectDisplayInfoEntry	game/DataStores/DB2Stores.cpp	138	108	yes	714	GameobjectDisplayInfoLoadInfo	1825	12	1	HOTFIX_SEL_GAMEOBJECT_DISPLAY_INFO	gameobject_display_info	yes	no	GameObjectDisplayInfoMeta	0xB59CF0B2	1266277	6	6	1592	missing	-	-
GameObjects.db2	sGameObjectsStore	GameObjectsEntry	game/DataStores/DB2Stores.cpp	139	109	yes	712	GameobjectsLoadInfo	1846	24	1	HOTFIX_SEL_GAMEOBJECTS	game_objects	yes	yes	GameObjectsMeta	0xB7A6B6A4	841620	12	12	1604	missing	-	has_locale_table
GarrAbility.db2	sGarrAbilityStore	GarrAbilityEntry	game/DataStores/DB2Stores.cpp	140	110	yes	715	GarrAbilityLoadInfo	1879	8	2	HOTFIX_SEL_GARR_ABILITY	garr_ability	yes	yes	GarrAbilityMeta	0x3F8D9F51	966238	8	8	1620	missing	-	has_locale_table
GarrBuilding.db2	sGarrBuildingStore	GarrBuildingEntry	game/DataStores/DB2Stores.cpp	141	111	yes	716	GarrBuildingLoadInfo	1896	25	4	HOTFIX_SEL_GARR_BUILDING	garr_building	yes	yes	GarrBuildingMeta	0xDFE31A36	929747	24	24	1632	missing	-	has_locale_table
GarrBuildingPlotInst.db2	sGarrBuildingPlotInstStore	GarrBuildingPlotInstEntry	game/DataStores/DB2Stores.cpp	142	112	yes	717	GarrBuildingPlotInstLoadInfo	1930	6	0	HOTFIX_SEL_GARR_BUILDING_PLOT_INST	garr_building_plot_inst	yes	no	GarrBuildingPlotInstMeta	0xDEF48812	983298	5	5	1661	missing	-	-
GarrClassSpec.db2	sGarrClassSpecStore	GarrClassSpecEntry	game/DataStores/DB2Stores.cpp	143	113	yes	718	GarrClassSpecLoadInfo	1945	8	3	HOTFIX_SEL_GARR_CLASS_SPEC	garr_class_spec	yes	yes	GarrClassSpecMeta	0x77F0D8C1	981570	8	8	1670	missing	-	has_locale_table
GarrFollower.db2	sGarrFollowerStore	GarrFollowerEntry	game/DataStores/DB2Stores.cpp	144	114	yes	719	GarrFollowerLoadInfo	1962	32	3	HOTFIX_SEL_GARR_FOLLOWER	garr_follower	yes	yes	GarrFollowerMeta	0x4041380E	949906	32	32	1682	missing	-	has_locale_table
GarrFollowerXAbility.db2	sGarrFollowerXAbilityStore	GarrFollowerXAbilityEntry	game/DataStores/DB2Stores.cpp	145	115	yes	720	GarrFollowerXAbilityLoadInfo	2003	5	0	HOTFIX_SEL_GARR_FOLLOWER_X_ABILITY	garr_follower_x_ability	yes	no	GarrFollowerXAbilityMeta	0xDC1338B5	968468	4	3	1718	missing	-	-
GarrMission.db2	sGarrMissionStore	GarrMissionEntry	game/DataStores/DB2Stores.cpp	146	116	yes	721	GarrMissionLoadInfo	2017	31	3	HOTFIX_SEL_GARR_MISSION	garr_mission	yes	yes	GarrMissionMeta	0x6A1F7660	967962	29	28	1727	missing	-	has_locale_table
GarrPlot.db2	sGarrPlotStore	GarrPlotEntry	game/DataStores/DB2Stores.cpp	147	117	yes	722	GarrPlotLoadInfo	2057	9	1	HOTFIX_SEL_GARR_PLOT	garr_plot	yes	no	GarrPlotMeta	0x47067617	937634	7	7	1760	missing	-	-
GarrPlotBuilding.db2	sGarrPlotBuildingStore	GarrPlotBuildingEntry	game/DataStores/DB2Stores.cpp	148	118	yes	723	GarrPlotBuildingLoadInfo	2075	3	0	HOTFIX_SEL_GARR_PLOT_BUILDING	garr_plot_building	yes	no	GarrPlotBuildingMeta	0x9C6539B2	929743	2	2	1772	missing	-	-
GarrPlotInstance.db2	sGarrPlotInstanceStore	GarrPlotInstanceEntry	game/DataStores/DB2Stores.cpp	149	119	yes	724	GarrPlotInstanceLoadInfo	2087	3	1	HOTFIX_SEL_GARR_PLOT_INSTANCE	garr_plot_instance	yes	no	GarrPlotInstanceMeta	0xC5609120	929742	2	2	1779	missing	-	-
GarrSiteLevel.db2	sGarrSiteLevelStore	GarrSiteLevelEntry	game/DataStores/DB2Stores.cpp	150	120	yes	725	GarrSiteLevelLoadInfo	2099	11	0	HOTFIX_SEL_GARR_SITE_LEVEL	garr_site_level	yes	no	GarrSiteLevelMeta	0x41BF2E0A	939295	9	9	1786	missing	-	-
GarrSiteLevelPlotInst.db2	sGarrSiteLevelPlotInstStore	GarrSiteLevelPlotInstEntry	game/DataStores/DB2Stores.cpp	151	121	yes	726	GarrSiteLevelPlotInstLoadInfo	2119	6	0	HOTFIX_SEL_GARR_SITE_LEVEL_PLOT_INST	garr_site_level_plot_inst	yes	no	GarrSiteLevelPlotInstMeta	0x1CAD597B	940404	4	4	1800	missing	-	-
GarrTalentTree.db2	sGarrTalentTreeStore	GarrTalentTreeEntry	game/DataStores/DB2Stores.cpp	152	122	yes	727	GarrTalentTreeLoadInfo	2134	8	1	HOTFIX_SEL_GARR_TALENT_TREE	garr_talent_tree	yes	yes	GarrTalentTreeMeta	0xC3477D19	1361030	7	7	1809	missing	-	has_locale_table
GemProperties.db2	sGemPropertiesStore	GemPropertiesEntry	game/DataStores/DB2Stores.cpp	153	123	yes	728	GemPropertiesLoadInfo	2151	4	0	HOTFIX_SEL_GEM_PROPERTIES	gem_properties	yes	no	GemPropertiesMeta	0x20BDE912	1343604	3	3	1821	missing	-	-
GlyphBindableSpell.db2	sGlyphBindableSpellStore	GlyphBindableSpellEntry	game/DataStores/DB2Stores.cpp	154	-	yes	729	GlyphBindableSpellLoadInfo	2164	3	0	HOTFIX_SEL_GLYPH_BINDABLE_SPELL	glyph_bindable_spell	yes	no	GlyphBindableSpellMeta	0x7F8BAF7B	1270147	2	1	1829	missing	-	extern_missing_in_header
GlyphProperties.db2	sGlyphPropertiesStore	GlyphPropertiesEntry	game/DataStores/DB2Stores.cpp	156	124	yes	730	GlyphPropertiesLoadInfo	2188	6	0	HOTFIX_SEL_GLYPH_PROPERTIES	glyph_properties	yes	no	GlyphPropertiesMeta	0x768B120C	1345274	5	5	1843	missing	-	-
GlyphRequiredSpec.db2	sGlyphRequiredSpecStore	GlyphRequiredSpecEntry	game/DataStores/DB2Stores.cpp	157	-	yes	731	GlyphRequiredSpecLoadInfo	2203	3	0	HOTFIX_SEL_GLYPH_REQUIRED_SPEC	glyph_required_spec	yes	no	GlyphRequiredSpecMeta	0xCC301712	948496	2	1	1853	missing	-	extern_missing_in_header
GlyphSlot.db2	sGlyphSlotStore	GlyphSlotEntry	game/DataStores/DB2Stores.cpp	155	125	yes	732	GlyphSlotLoadInfo	2176	3	0	HOTFIX_SEL_GLYPH_SLOT	glyph_slot	yes	no	GlyphSlotMeta	0xCCC77A3D	1130095	2	2	1836	missing	-	-
GossipNPCOption.db2	sGossipNPCOptionStore	GossipNPCOptionEntry	game/DataStores/DB2Stores.cpp	158	126	yes	733	GossipNpcOptionLoadInfo	2215	13	0	HOTFIX_SEL_GOSSIP_NPC_OPTION	gossip_npc_option	yes	no	GossipNPCOptionMeta	0x30CA59EB	4278503	12	12	1860	missing	-	-
GuildColorBackground.db2	sGuildColorBackgroundStore	GuildColorBackgroundEntry	game/DataStores/DB2Stores.cpp	159	127	yes	734	GuildColorBackgroundLoadInfo	2237	4	0	HOTFIX_SEL_GUILD_COLOR_BACKGROUND	guild_color_background	yes	no	GuildColorBackgroundMeta	0x1364EF78	1286526	3	3	1877	missing	-	-
GuildColorBorder.db2	sGuildColorBorderStore	GuildColorBorderEntry	game/DataStores/DB2Stores.cpp	160	128	yes	735	GuildColorBorderLoadInfo	2250	4	0	HOTFIX_SEL_GUILD_COLOR_BORDER	guild_color_border	yes	no	GuildColorBorderMeta	0x1364EF78	1286527	3	3	1885	missing	-	-
GuildColorEmblem.db2	sGuildColorEmblemStore	GuildColorEmblemEntry	game/DataStores/DB2Stores.cpp	161	129	yes	736	GuildColorEmblemLoadInfo	2263	4	0	HOTFIX_SEL_GUILD_COLOR_EMBLEM	guild_color_emblem	yes	no	GuildColorEmblemMeta	0x1364EF78	1286525	3	3	1893	missing	-	-
GuildPerkSpells.db2	sGuildPerkSpellsStore	GuildPerkSpellsEntry	game/DataStores/DB2Stores.cpp	162	130	yes	737	GuildPerkSpellsLoadInfo	2276	2	0	HOTFIX_SEL_GUILD_PERK_SPELLS	guild_perk_spells	yes	no	GuildPerkSpellsMeta	0x465F6F2A	1135238	1	1	1901	missing	-	-
Heirloom.db2	sHeirloomStore	HeirloomEntry	game/DataStores/DB2Stores.cpp	163	-	yes	738	HeirloomLoadInfo	2287	20	1	HOTFIX_SEL_HEIRLOOM	heirloom	yes	yes	HeirloomMeta	0xFD204E4C	1097696	10	10	1907	missing	-	extern_missing_in_header;has_locale_table
Holidays.db2	sHolidaysStore	HolidaysEntry	game/DataStores/DB2Stores.cpp	164	131	yes	739	HolidaysLoadInfo	2316	48	0	HOTFIX_SEL_HOLIDAYS	holidays	yes	no	HolidaysMeta	0xF07BB5AA	996357	13	13	1925	missing	-	-
ImportPriceArmor.db2	sImportPriceArmorStore	ImportPriceArmorEntry	game/DataStores/DB2Stores.cpp	165	132	yes	740	ImportPriceArmorLoadInfo	2373	5	0	HOTFIX_SEL_IMPORT_PRICE_ARMOR	import_price_armor	yes	no	ImportPriceArmorMeta	0x7979D30F	1121229	4	4	1942	partial	crates/wow-data/src/import_price.rs; crates/world-server/src/main.rs	#NEXT.R8.ENTITIES.264 DB2 file loader/session resource wiring exists; hotfix SQL overlay and full Item::GetBuyPrice consumer pending
ImportPriceQuality.db2	sImportPriceQualityStore	ImportPriceQualityEntry	game/DataStores/DB2Stores.cpp	166	133	yes	741	ImportPriceQualityLoadInfo	2387	2	0	HOTFIX_SEL_IMPORT_PRICE_QUALITY	import_price_quality	yes	no	ImportPriceQualityMeta	0xD4F6FFC8	1121228	1	1	1951	partial	crates/wow-data/src/import_price.rs; crates/world-server/src/main.rs	#NEXT.R8.ENTITIES.264 DB2 file loader/session resource wiring exists; hotfix SQL overlay and full Item::GetBuyPrice consumer pending
ImportPriceShield.db2	sImportPriceShieldStore	ImportPriceShieldEntry	game/DataStores/DB2Stores.cpp	167	134	yes	742	ImportPriceShieldLoadInfo	2398	2	0	HOTFIX_SEL_IMPORT_PRICE_SHIELD	import_price_shield	yes	no	ImportPriceShieldMeta	0xD4F6FFC8	1121227	1	1	1957	partial	crates/wow-data/src/import_price.rs; crates/world-server/src/main.rs	#NEXT.R8.ENTITIES.264 DB2 file loader/session resource wiring exists; hotfix SQL overlay and full Item::GetBuyPrice consumer pending
ImportPriceWeapon.db2	sImportPriceWeaponStore	ImportPriceWeaponEntry	game/DataStores/DB2Stores.cpp	168	135	yes	743	ImportPriceWeaponLoadInfo	2409	2	0	HOTFIX_SEL_IMPORT_PRICE_WEAPON	import_price_weapon	yes	no	ImportPriceWeaponMeta	0xD4F6FFC8	1121230	1	1	1963	partial	crates/wow-data/src/import_price.rs; crates/world-server/src/main.rs	#NEXT.R8.ENTITIES.264 DB2 file loader/session resource wiring exists; hotfix SQL overlay and full Item::GetBuyPrice consumer pending
Item.db2	sItemStore	ItemEntry	game/DataStores/DB2Stores.cpp	188	153	yes	763	ItemLoadInfo	2420	39	0	HOTFIX_SEL_ITEM	item	yes	no	ItemMeta	0x72A6F1C2	841626	20	20	1969	rust_db2_file_loader	crates/wow-data/src/hotfix_cache.rs,crates/wow-data/src/item.rs	rust_raw_blob_cache_only_or_partial
ItemAppearance.db2	sItemAppearanceStore	ItemAppearanceEntry	game/DataStores/DB2Stores.cpp	169	136	yes	744	ItemAppearanceLoadInfo	2468	5	0	HOTFIX_SEL_ITEM_APPEARANCE	item_appearance	yes	no	ItemAppearanceMeta	0xB7D37BC9	982462	4	4	1994	missing	-	-
ItemArmorQuality.db2	sItemArmorQualityStore	ItemArmorQualityEntry	game/DataStores/DB2Stores.cpp	170	137	yes	745	ItemArmorQualityLoadInfo	2482	8	0	HOTFIX_SEL_ITEM_ARMOR_QUALITY	item_armor_quality	yes	no	ItemArmorQualityMeta	0x5DAB3131	1283021	1	1	2003	missing	-	-
ItemArmorShield.db2	sItemArmorShieldStore	ItemArmorShieldEntry	game/DataStores/DB2Stores.cpp	171	138	yes	746	ItemArmorShieldLoadInfo	2499	9	0	HOTFIX_SEL_ITEM_ARMOR_SHIELD	item_armor_shield	yes	no	ItemArmorShieldMeta	0x4E03E769	1277741	2	2	2009	missing	-	-
ItemArmorTotal.db2	sItemArmorTotalStore	ItemArmorTotalEntry	game/DataStores/DB2Stores.cpp	172	139	yes	747	ItemArmorTotalLoadInfo	2517	6	0	HOTFIX_SEL_ITEM_ARMOR_TOTAL	item_armor_total	yes	no	ItemArmorTotalMeta	0xC1DD3156	1283022	5	5	2016	missing	-	-
ItemBagFamily.db2	sItemBagFamilyStore	ItemBagFamilyEntry	game/DataStores/DB2Stores.cpp	173	140	yes	748	ItemBagFamilyLoadInfo	2532	2	1	HOTFIX_SEL_ITEM_BAG_FAMILY	item_bag_family	yes	yes	ItemBagFamilyMeta	0xB0DD8F60	1278179	1	1	2026	missing	-	has_locale_table
ItemBonus.db2	sItemBonusStore	ItemBonusEntry	game/DataStores/DB2Stores.cpp	174	141	yes	749	ItemBonusLoadInfo	2543	8	0	HOTFIX_SEL_ITEM_BONUS	item_bonus	yes	no	ItemBonusMeta	0x7864A3E0	959070	4	4	2032	missing	-	-
ItemBonusListLevelDelta.db2	sItemBonusListLevelDeltaStore	ItemBonusListLevelDeltaEntry	game/DataStores/DB2Stores.cpp	175	142	yes	750	ItemBonusListLevelDeltaLoadInfo	2560	2	0	HOTFIX_SEL_ITEM_BONUS_LIST_LEVEL_DELTA	item_bonus_list_level_delta	yes	no	ItemBonusListLevelDeltaMeta	0xC6EA2151	1320358	2	2	2041	missing	-	-
ItemBonusTreeNode.db2	sItemBonusTreeNodeStore	ItemBonusTreeNodeEntry	game/DataStores/DB2Stores.cpp	176	143	yes	751	ItemBonusTreeNodeLoadInfo	2571	6	0	HOTFIX_SEL_ITEM_BONUS_TREE_NODE	item_bonus_tree_node	yes	no	ItemBonusTreeNodeMeta	0xB396FA9A	987134	5	4	2047	missing	-	-
ItemChildEquipment.db2	sItemChildEquipmentStore	ItemChildEquipmentEntry	game/DataStores/DB2Stores.cpp	177	-	yes	752	ItemChildEquipmentLoadInfo	2586	4	0	HOTFIX_SEL_ITEM_CHILD_EQUIPMENT	item_child_equipment	yes	no	ItemChildEquipmentMeta	0x1360F4BC	1247926	3	2	2057	missing	-	extern_missing_in_header
ItemClass.db2	sItemClassStore	ItemClassEntry	game/DataStores/DB2Stores.cpp	178	-	yes	753	ItemClassLoadInfo	2599	5	1	HOTFIX_SEL_ITEM_CLASS	item_class	yes	yes	ItemClassMeta	0xC21C5BEA	1140189	4	4	2065	partial	crates/wow-data/src/item_class.rs; crates/world-server/src/main.rs	#NEXT.R8.ENTITIES.263 DB2 file loader/session resource wiring and GetItemClassByOldEnum price modifier helper exist; hotfix SQL overlay and full Item::GetBuyPrice/GetSellPrice consumers pending
ItemContextPickerEntry.db2	sItemContextPickerEntryStore	ItemContextPickerEntryEntry	game/DataStores/DB2Stores.cpp	179	144	yes	754	ItemContextPickerEntryLoadInfo	2613	7	0	HOTFIX_SEL_ITEM_CONTEXT_PICKER_ENTRY	item_context_picker_entry	yes	no	ItemContextPickerEntryMeta	0xA71A3E17	1405665	6	5	2074	missing	-	-
ItemCurrencyCost.db2	sItemCurrencyCostStore	ItemCurrencyCostEntry	game/DataStores/DB2Stores.cpp	180	-	yes	755	ItemCurrencyCostLoadInfo	2629	2	0	HOTFIX_SEL_ITEM_CURRENCY_COST	item_currency_cost	yes	no	ItemCurrencyCostMeta	0x711019C0	801670	1	1	2085	partial	crates/wow-data/src/item_currency_cost.rs; crates/world-server/src/main.rs	#NEXT.R8.ENTITIES.262 DB2 file loader/session resource wiring and HasItemCurrencyCost helper exist; hotfix SQL overlay and consumers pending
ItemDamageAmmo.db2	sItemDamageAmmoStore	ItemDamageAmmoEntry	game/DataStores/DB2Stores.cpp	181	145	yes	756	ItemDamageAmmoLoadInfo	2640	9	0	HOTFIX_SEL_ITEM_DAMAGE_AMMO	item_damage_ammo	yes	no	ItemDamageAmmoMeta	0xBD540229	1277740	2	2	2091	missing	-	-
ItemDamageOneHand.db2	sItemDamageOneHandStore	ItemDamageOneHandEntry	game/DataStores/DB2Stores.cpp	182	146	yes	757	ItemDamageOneHandLoadInfo	2658	9	0	HOTFIX_SEL_ITEM_DAMAGE_ONE_HAND	item_damage_one_hand	yes	no	ItemDamageOneHandMeta	0xBD540229	1277743	2	2	2098	missing	-	-
ItemDamageOneHandCaster.db2	sItemDamageOneHandCasterStore	ItemDamageOneHandCasterEntry	game/DataStores/DB2Stores.cpp	183	147	yes	758	ItemDamageOneHandCasterLoadInfo	2676	9	0	HOTFIX_SEL_ITEM_DAMAGE_ONE_HAND_CASTER	item_damage_one_hand_caster	yes	no	ItemDamageOneHandCasterMeta	0xBD540229	1277739	2	2	2105	missing	-	-
ItemDamageTwoHand.db2	sItemDamageTwoHandStore	ItemDamageTwoHandEntry	game/DataStores/DB2Stores.cpp	184	148	yes	759	ItemDamageTwoHandLoadInfo	2694	9	0	HOTFIX_SEL_ITEM_DAMAGE_TWO_HAND	item_damage_two_hand	yes	no	ItemDamageTwoHandMeta	0xBD540229	1277738	2	2	2112	missing	-	-
ItemDamageTwoHandCaster.db2	sItemDamageTwoHandCasterStore	ItemDamageTwoHandCasterEntry	game/DataStores/DB2Stores.cpp	185	149	yes	760	ItemDamageTwoHandCasterLoadInfo	2712	9	0	HOTFIX_SEL_ITEM_DAMAGE_TWO_HAND_CASTER	item_damage_two_hand_caster	yes	no	ItemDamageTwoHandCasterMeta	0xBD540229	1277742	2	2	2119	missing	-	-
ItemDisenchantLoot.db2	sItemDisenchantLootStore	ItemDisenchantLootEntry	game/DataStores/DB2Stores.cpp	186	150	yes	761	ItemDisenchantLootLoadInfo	2730	8	0	HOTFIX_SEL_ITEM_DISENCHANT_LOOT	item_disenchant_loot	yes	no	ItemDisenchantLootMeta	0xB1D813A9	1134087	7	6	2126	partial	crates/wow-data/src/item_disenchant_loot.rs; crates/world-server/src/main.rs	#NEXT.R8.ENTITIES.260 DB2 file loader/session resource wiring exists; hotfix SQL overlay and consumers pending
ItemEffect.db2	sItemEffectStore	ItemEffectEntry	game/DataStores/DB2Stores.cpp	187	151	yes	762	ItemEffectLoadInfo	2747	10	0	HOTFIX_SEL_ITEM_EFFECT	item_effect	yes	no	ItemEffectMeta	0xF2A2E644	969941	9	8	2138	missing	-	-
ItemExtendedCost.db2	sItemExtendedCostStore	ItemExtendedCostEntry	game/DataStores/DB2Stores.cpp	189	154	yes	764	ItemExtendedCostLoadInfo	2766	27	0	HOTFIX_SEL_ITEM_EXTENDED_COST	item_extended_cost	yes	no	ItemExtendedCostMeta	0xF4D91D1F	801681	10	10	2155	missing	-	-
ItemLevelSelector.db2	sItemLevelSelectorStore	ItemLevelSelectorEntry	game/DataStores/DB2Stores.cpp	190	155	yes	765	ItemLevelSelectorLoadInfo	2802	3	0	HOTFIX_SEL_ITEM_LEVEL_SELECTOR	item_level_selector	yes	no	ItemLevelSelectorMeta	0xDAC5C754	1588911	2	2	2170	missing	-	-
ItemLevelSelectorQuality.db2	sItemLevelSelectorQualityStore	ItemLevelSelectorQualityEntry	game/DataStores/DB2Stores.cpp	191	156	yes	766	ItemLevelSelectorQualityLoadInfo	2814	4	0	HOTFIX_SEL_ITEM_LEVEL_SELECTOR_QUALITY	item_level_selector_quality	yes	no	ItemLevelSelectorQualityMeta	0xBAF7EC29	1624937	3	2	2177	missing	-	-
ItemLevelSelectorQualitySet.db2	sItemLevelSelectorQualitySetStore	ItemLevelSelectorQualitySetEntry	game/DataStores/DB2Stores.cpp	192	157	yes	767	ItemLevelSelectorQualitySetLoadInfo	2827	3	0	HOTFIX_SEL_ITEM_LEVEL_SELECTOR_QUALITY_SET	item_level_selector_quality_set	yes	no	ItemLevelSelectorQualitySetMeta	0x4080CC90	1624933	2	2	2185	missing	-	-
ItemLimitCategory.db2	sItemLimitCategoryStore	ItemLimitCategoryEntry	game/DataStores/DB2Stores.cpp	193	158	yes	768	ItemLimitCategoryLoadInfo	2839	4	1	HOTFIX_SEL_ITEM_LIMIT_CATEGORY	item_limit_category	yes	yes	ItemLimitCategoryMeta	0x403BC7B2	1237440	3	3	2192	implemented	crates/wow-data/src/item_bonus.rs; crates/world-server/src/main.rs; crates/wow-network/src/accept.rs; crates/wow-world/src/session.rs	#NEXT.R8.ENTITIES.636 loads ItemLimitCategory.db2 and wires sItemLimitCategoryStore-equivalent into represented source-item CanStoreNewItem; hotfix direct SQL/localized table parity remains broader R3 scope.
ItemLimitCategoryCondition.db2	sItemLimitCategoryConditionStore	ItemLimitCategoryConditionEntry	game/DataStores/DB2Stores.cpp	194	-	yes	769	ItemLimitCategoryConditionLoadInfo	2852	4	0	HOTFIX_SEL_ITEM_LIMIT_CATEGORY_CONDITION	item_limit_category_condition	yes	no	ItemLimitCategoryConditionMeta	0x9E37B423	1378590	3	2	2200	implemented	crates/wow-data/src/item_bonus.rs; crates/world-server/src/main.rs; crates/wow-network/src/accept.rs; crates/wow-world/src/session.rs	#NEXT.R8.ENTITIES.637 loads ItemLimitCategoryCondition.db2 and consumes ParentItemLimitCategoryID/AddQuantity/PlayerConditionID for represented GetItemLimitCategoryQuantity; extern header anomaly remains documented from C++ inventory.
ItemModifiedAppearance.db2	sItemModifiedAppearanceStore	ItemModifiedAppearanceEntry	game/DataStores/DB2Stores.cpp	195	159	yes	770	ItemModifiedAppearanceLoadInfo	2865	6	0	HOTFIX_SEL_ITEM_MODIFIED_APPEARANCE	item_modified_appearance	yes	no	ItemModifiedAppearanceMeta	0xF6BAD95D	982457	6	6	2208	missing	-	-
ItemModifiedAppearanceExtra.db2	sItemModifiedAppearanceExtraStore	ItemModifiedAppearanceExtraEntry	game/DataStores/DB2Stores.cpp	196	160	yes	771	ItemModifiedAppearanceExtraLoadInfo	2880	6	0	HOTFIX_SEL_ITEM_MODIFIED_APPEARANCE_EXTRA	item_modified_appearance_extra	yes	no	ItemModifiedAppearanceExtraMeta	0x08968F49	1278399	5	5	2218	missing	-	-
ItemNameDescription.db2	sItemNameDescriptionStore	ItemNameDescriptionEntry	game/DataStores/DB2Stores.cpp	197	152	yes	772	ItemNameDescriptionLoadInfo	2895	3	1	HOTFIX_SEL_ITEM_NAME_DESCRIPTION	item_name_description	yes	yes	ItemNameDescriptionMeta	0xB60E60BD	1332559	2	2	2228	missing	-	has_locale_table
ItemPriceBase.db2	sItemPriceBaseStore	ItemPriceBaseEntry	game/DataStores/DB2Stores.cpp	198	161	yes	773	ItemPriceBaseLoadInfo	2907	4	0	HOTFIX_SEL_ITEM_PRICE_BASE	item_price_base	yes	no	ItemPriceBaseMeta	0xAA32653C	1121231	3	3	2235	partial	crates/wow-data/src/item_price_base.rs; crates/world-server/src/main.rs	#NEXT.R8.ENTITIES.265 DB2 file loader/session resource wiring exists; hotfix SQL overlay and full Item::GetBuyPrice consumer pending
ItemRandomProperties.db2	sItemRandomPropertiesStore	ItemRandomPropertiesEntry	game/DataStores/DB2Stores.cpp	199	162	yes	774	ItemRandomPropertiesLoadInfo	2920	7	1	HOTFIX_SEL_ITEM_RANDOM_PROPERTIES	item_random_properties	yes	yes	ItemRandomPropertiesMeta	0xA74D16F8	1237441	2	2	2243	implemented	crates/wow-data/src/item_random_properties.rs; crates/world-server/src/main.rs	Loaded for ItemEnchantmentMgr::GenerateRandomProperties; locale hotfix overlay still tracked by generic DB2/hotfix work
ItemRandomSuffix.db2	sItemRandomSuffixStore	ItemRandomSuffixEntry	game/DataStores/DB2Stores.cpp	200	163	yes	775	ItemRandomSuffixLoadInfo	2936	12	1	HOTFIX_SEL_ITEM_RANDOM_SUFFIX	item_random_suffix	yes	yes	ItemRandomSuffixMeta	0x0FF4E63B	1237592	3	3	2250	implemented	crates/wow-data/src/item_random_suffix.rs; crates/world-server/src/main.rs	Loaded for ApplyEnchantment random suffix refs and ItemEnchantmentMgr::GenerateRandomProperties; locale hotfix overlay still tracked by generic DB2/hotfix work
ItemSearchName.db2	sItemSearchNameStore	ItemSearchNameEntry	game/DataStores/DB2Stores.cpp	201	164	yes	776	ItemSearchNameLoadInfo	2957	17	1	HOTFIX_SEL_ITEM_SEARCH_NAME	item_search_name	yes	yes	ItemSearchNameMeta	0xA0BCA534	1273408	14	14	2258	missing	-	has_locale_table
ItemSet.db2	sItemSetStore	ItemSetEntry	game/DataStores/DB2Stores.cpp	202	165	yes	777	ItemSetLoadInfo	2983	22	1	HOTFIX_SEL_ITEM_SET	item_set	yes	yes	ItemSetMeta	0x4F7008BF	1343609	5	5	2278	missing	-	has_locale_table
ItemSetSpell.db2	sItemSetSpellStore	ItemSetSpellEntry	game/DataStores/DB2Stores.cpp	203	166	yes	778	ItemSetSpellLoadInfo	3014	5	0	HOTFIX_SEL_ITEM_SET_SPELL	item_set_spell	yes	no	ItemSetSpellMeta	0xBF92BB46	1314689	4	3	2288	missing	-	-
ItemSparse.db2	sItemSparseStore	ItemSparseEntry	game/DataStores/DB2Stores.cpp	204	167	yes	779	ItemSparseLoadInfo	3028	130	5	HOTFIX_SEL_ITEM_SPARSE	item_sparse	yes	yes	ItemSparseMeta	0xD532973D	1572924	73	73	2297	rust_db2_file_loader	crates/wow-data/src/hotfix_cache.rs,crates/wow-data/src/item_stats.rs	has_locale_table;rust_raw_blob_cache_only_or_partial
ItemSpec.db2	sItemSpecStore	ItemSpecEntry	game/DataStores/DB2Stores.cpp	205	168	yes	780	ItemSpecLoadInfo	3167	7	0	HOTFIX_SEL_ITEM_SPEC	item_spec	yes	no	ItemSpecMeta	0x72013ECD	1135120	6	6	2375	missing	-	-
ItemSpecOverride.db2	sItemSpecOverrideStore	ItemSpecOverrideEntry	game/DataStores/DB2Stores.cpp	206	169	yes	781	ItemSpecOverrideLoadInfo	3183	3	0	HOTFIX_SEL_ITEM_SPEC_OVERRIDE	item_spec_override	yes	no	ItemSpecOverrideMeta	0xD621A05B	1134576	2	1	2386	missing	-	-
ItemXBonusTree.db2	sItemXBonusTreeStore	ItemXBonusTreeEntry	game/DataStores/DB2Stores.cpp	207	170	yes	782	ItemXBonusTreeLoadInfo	3195	3	0	HOTFIX_SEL_ITEM_X_BONUS_TREE	item_x_bonus_tree	yes	no	ItemXBonusTreeMeta	0xB088DCDC	987133	2	1	2393	missing	-	-
JournalEncounter.db2	sJournalEncounterStore	JournalEncounterEntry	game/DataStores/DB2Stores.cpp	208	171	yes	783	JournalEncounterLoadInfo	3207	12	2	HOTFIX_SEL_JOURNAL_ENCOUNTER	journal_encounter	yes	yes	JournalEncounterMeta	0x6C77939B	1240336	10	10	2400	missing	-	has_locale_table
JournalEncounterSection.db2	sJournalEncounterSectionStore	JournalEncounterSectionEntry	game/DataStores/DB2Stores.cpp	209	172	yes	784	JournalEncounterSectionLoadInfo	3228	16	2	HOTFIX_SEL_JOURNAL_ENCOUNTER_SECTION	journal_encounter_section	yes	yes	JournalEncounterSectionMeta	0xF617A4B5	1134413	15	15	2415	missing	-	has_locale_table
JournalInstance.db2	sJournalInstanceStore	JournalInstanceEntry	game/DataStores/DB2Stores.cpp	210	173	yes	785	JournalInstanceLoadInfo	3253	10	2	HOTFIX_SEL_JOURNAL_INSTANCE	journal_instance	yes	yes	JournalInstanceMeta	0xF4F48AF6	1237438	10	10	2435	missing	-	has_locale_table
JournalTier.db2	sJournalTierStore	JournalTierEntry	game/DataStores/DB2Stores.cpp	211	-	yes	786	JournalTierLoadInfo	3272	2	1	HOTFIX_SEL_JOURNAL_TIER	journal_tier	yes	yes	JournalTierMeta	0x7C81683B	1349056	1	1	2449	missing	-	extern_missing_in_header;has_locale_table
Keychain.db2	sKeychainStore	KeychainEntry	game/DataStores/DB2Stores.cpp	212	-	yes	787	KeychainLoadInfo	3283	33	0	HOTFIX_SEL_KEYCHAIN	keychain	yes	no	KeychainMeta	0x683DDBCE	801693	1	1	2457	missing	-	extern_missing_in_header
KeystoneAffix.db2	sKeystoneAffixStore	KeystoneAffixEntry	game/DataStores/DB2Stores.cpp	213	174	yes	788	KeystoneAffixLoadInfo	3325	4	2	HOTFIX_SEL_KEYSTONE_AFFIX	keystone_affix	yes	yes	KeystoneAffixMeta	0x264D2A97	1344761	4	4	2463	missing	-	has_locale_table
LFGDungeons.db2	sLFGDungeonsStore	LFGDungeonsEntry	game/DataStores/DB2Stores.cpp	216	177	yes	791	LfgDungeonsLoadInfo	3365	35	2	HOTFIX_SEL_LFG_DUNGEONS	lfg_dungeons	yes	yes	LFGDungeonsMeta	0x42F904E6	1361033	33	33	2488	missing	-	has_locale_table
LanguageWords.db2	sLanguageWordsStore	LanguageWordsEntry	game/DataStores/DB2Stores.cpp	214	175	yes	789	LanguageWordsLoadInfo	3338	3	1	HOTFIX_SEL_LANGUAGE_WORDS	language_words	yes	no	LanguageWordsMeta	0x3FD82B89	984702	2	2	2471	missing	-	-
Languages.db2	sLanguagesStore	LanguagesEntry	game/DataStores/DB2Stores.cpp	215	176	yes	790	LanguagesLoadInfo	3350	6	1	HOTFIX_SEL_LANGUAGES	languages	yes	yes	LanguagesMeta	0xE73E1D81	1135325	6	6	2478	missing	-	has_locale_table
Light.db2	sLightStore	LightEntry	game/DataStores/DB2Stores.cpp	217	178	yes	792	LightLoadInfo	3409	15	0	HOTFIX_SEL_LIGHT	light	yes	no	LightMeta	0xAD1B2253	1375579	5	5	2529	missing	-	-
LiquidType.db2	sLiquidTypeStore	LiquidTypeEntry	game/DataStores/DB2Stores.cpp	218	179	yes	793	LiquidTypeLoadInfo	3433	56	7	HOTFIX_SEL_LIQUID_TYPE	liquid_type	yes	no	LiquidTypeMeta	0xAFFFC9E0	1371380	21	21	2539	missing	-	-
Lock.db2	sLockStore	LockEntry	game/DataStores/DB2Stores.cpp	219	180	yes	794	LockLoadInfo	3498	33	0	HOTFIX_SEL_LOCK	lock	yes	no	LockMeta	0x82DBCD97	1343608	4	4	2567	implemented	crates/wow-data/src/lock.rs; crates/world-server/src/main.rs	Loaded for CMSG_OPEN_ITEM sLockStore existence gate
MailTemplate.db2	sMailTemplateStore	MailTemplateEntry	game/DataStores/DB2Stores.cpp	220	181	yes	795	MailTemplateLoadInfo	3540	2	1	HOTFIX_SEL_MAIL_TEMPLATE	mail_template	yes	yes	MailTemplateMeta	0x7C454945	1240344	1	1	2576	missing	-	has_locale_table
Map.db2	sMapStore	MapEntry	game/DataStores/DB2Stores.cpp	221	182	yes	796	MapLoadInfo	3551	25	6	HOTFIX_SEL_MAP	map	yes	yes	MapMeta	0xBFC078A9	1349477	22	22	2582	missing	-	has_locale_table
MapChallengeMode.db2	sMapChallengeModeStore	MapChallengeModeEntry	game/DataStores/DB2Stores.cpp	222	183	yes	797	MapChallengeModeLoadInfo	3585	9	1	HOTFIX_SEL_MAP_CHALLENGE_MODE	map_challenge_mode	yes	yes	MapChallengeModeMeta	0xAAA9EAD7	801709	7	7	2658	missing	-	has_locale_table
MapDifficulty.db2	sMapDifficultyStore	MapDifficultyEntry	game/DataStores/DB2Stores.cpp	223	184	yes	798	MapDifficultyLoadInfo	3603	11	1	HOTFIX_SEL_MAP_DIFFICULTY	map_difficulty	yes	yes	MapDifficultyMeta	0x0387F43D	1367868	10	9	2669	missing	-	has_locale_table
MapDifficultyXCondition.db2	sMapDifficultyXConditionStore	MapDifficultyXConditionEntry	game/DataStores/DB2Stores.cpp	224	-	yes	799	MapDifficultyXConditionLoadInfo	3623	5	1	HOTFIX_SEL_MAP_DIFFICULTY_X_CONDITION	map_difficulty_x_condition	yes	yes	MapDifficultyXConditionMeta	0x08E872DB	1375435	4	3	2700	missing	-	extern_missing_in_header;has_locale_table
ModifierTree.db2	sModifierTreeStore	ModifierTreeEntry	game/DataStores/DB2Stores.cpp	225	185	yes	800	ModifierTreeLoadInfo	3637	8	0	HOTFIX_SEL_MODIFIER_TREE	modifier_tree	yes	no	ModifierTreeMeta	0x36C062E7	1267645	7	7	2709	missing	-	-
Mount.db2	sMountStore	MountEntry	game/DataStores/DB2Stores.cpp	227	187	yes	802	MountLoadInfo	3654	11	3	HOTFIX_SEL_MOUNT	mount	yes	yes	MountMeta	0xE1D74D32	921760	11	11	2721	missing	-	has_locale_table
MountCapability.db2	sMountCapabilityStore	MountCapabilityEntry	game/DataStores/DB2Stores.cpp	226	186	yes	801	MountCapabilityLoadInfo	3674	8	0	HOTFIX_SEL_MOUNT_CAPABILITY	mount_capability	yes	no	MountCapabilityMeta	0x997ECC24	1114709	8	8	2738	missing	-	-
MountTypeXCapability.db2	sMountTypeXCapabilityStore	MountTypeXCapabilityEntry	game/DataStores/DB2Stores.cpp	228	-	yes	803	MountTypeXCapabilityLoadInfo	3691	4	0	HOTFIX_SEL_MOUNT_TYPE_X_CAPABILITY	mount_type_x_capability	yes	no	MountTypeXCapabilityMeta	0xF438693D	1114715	3	3	2750	missing	-	extern_missing_in_header
MountXDisplay.db2	sMountXDisplayStore	MountXDisplayEntry	game/DataStores/DB2Stores.cpp	229	-	yes	804	MountXDisplayLoadInfo	3704	4	0	HOTFIX_SEL_MOUNT_X_DISPLAY	mount_x_display	yes	no	MountXDisplayMeta	0xC9D09486	1576117	3	2	2758	missing	-	extern_missing_in_header
Movie.db2	sMovieStore	MovieEntry	game/DataStores/DB2Stores.cpp	230	188	yes	805	MovieLoadInfo	3717	5	0	HOTFIX_SEL_MOVIE	movie	yes	no	MovieMeta	0xA3A2FAF5	1332556	4	4	2766	missing	-	-
MythicPlusSeason.db2	sMythicPlusSeasonStore	MythicPlusSeasonEntry	game/DataStores/DB2Stores.cpp	231	189	yes	806	MythicPlusSeasonLoadInfo	3731	4	0	HOTFIX_SEL_MYTHIC_PLUS_SEASON	mythic_plus_season	yes	no	MythicPlusSeasonMeta	0x0FE9B9A8	2400282	4	4	2775	missing	-	-
NameGen.db2	sNameGenStore	NameGenEntry	game/DataStores/DB2Stores.cpp	232	-	yes	807	NameGenLoadInfo	3744	4	1	HOTFIX_SEL_NAME_GEN	name_gen	yes	no	NameGenMeta	0xE43165A8	1122117	3	3	2783	missing	-	extern_missing_in_header
NamesProfanity.db2	sNamesProfanityStore	NamesProfanityEntry	game/DataStores/DB2Stores.cpp	233	-	yes	808	NamesProfanityLoadInfo	3757	3	1	HOTFIX_SEL_NAMES_PROFANITY	names_profanity	yes	no	NamesProfanityMeta	0xA3B1057A	1117086	2	2	2791	missing	-	extern_missing_in_header
NamesReserved.db2	sNamesReservedStore	NamesReservedEntry	game/DataStores/DB2Stores.cpp	234	-	yes	809	NamesReservedLoadInfo	3769	2	1	HOTFIX_SEL_NAMES_RESERVED	names_reserved	yes	yes	NamesReservedMeta	0xA90C78EA	1117085	1	1	2798	missing	-	extern_missing_in_header;has_locale_table
NamesReservedLocale.db2	sNamesReservedLocaleStore	NamesReservedLocaleEntry	game/DataStores/DB2Stores.cpp	235	-	yes	810	NamesReservedLocaleLoadInfo	3780	3	1	HOTFIX_SEL_NAMES_RESERVED	names_reserved	yes	yes	NamesReservedLocaleMeta	0x4FC995DF	1117087	2	2	2804	missing	-	extern_missing_in_header;has_locale_table
NumTalentsAtLevel.db2	sNumTalentsAtLevelStore	NumTalentsAtLevelEntry	game/DataStores/DB2Stores.cpp	236	-	yes	811	NumTalentsAtLevelLoadInfo	3792	4	0	HOTFIX_SEL_NUM_TALENTS_AT_LEVEL	num_talents_at_level	yes	no	NumTalentsAtLevelMeta	0xE0B7F151	1953326	4	4	2811	missing	-	extern_missing_in_header
OverrideSpellData.db2	sOverrideSpellDataStore	OverrideSpellDataEntry	game/DataStores/DB2Stores.cpp	237	190	yes	812	OverrideSpellDataLoadInfo	3805	13	0	HOTFIX_SEL_OVERRIDE_SPELL_DATA	override_spell_data	yes	no	OverrideSpellDataMeta	0xDC04AC20	1002186	3	3	2821	missing	-	-
PVPDifficulty.db2	sPVPDifficultyStore	PVPDifficultyEntry	game/DataStores/DB2Stores.cpp	245	-	yes	820	PvpDifficultyLoadInfo	4071	5	0	HOTFIX_SEL_PVP_DIFFICULTY	pvp_difficulty	yes	no	PVPDifficultyMeta	0x6CAB5565	1339820	4	3	2978	missing	-	extern_missing_in_header
PVPItem.db2	sPVPItemStore	PVPItemEntry	game/DataStores/DB2Stores.cpp	246	-	yes	821	PvpItemLoadInfo	4085	3	0	HOTFIX_SEL_PVP_ITEM	pvp_item	yes	no	PVPItemMeta	0x95A06BE9	972287	2	2	2990	missing	-	extern_missing_in_header
ParagonReputation.db2	sParagonReputationStore	ParagonReputationEntry	game/DataStores/DB2Stores.cpp	238	191	yes	813	ParagonReputationLoadInfo	3827	4	0	HOTFIX_SEL_PARAGON_REPUTATION	paragon_reputation	yes	no	ParagonReputationMeta	0xA78A1B30	1581183	3	3	2829	missing	-	-
Phase.db2	sPhaseStore	PhaseEntry	game/DataStores/DB2Stores.cpp	239	192	yes	814	PhaseLoadInfo	3840	2	0	HOTFIX_SEL_PHASE	phase	yes	no	PhaseMeta	0x2BE7B349	1348558	1	1	2837	missing	-	-
PhaseXPhaseGroup.db2	sPhaseXPhaseGroupStore	PhaseXPhaseGroupEntry	game/DataStores/DB2Stores.cpp	240	-	yes	815	PhaseXPhaseGroupLoadInfo	3851	3	0	HOTFIX_SEL_PHASE_X_PHASE_GROUP	phase_x_phase_group	yes	no	PhaseXPhaseGroupMeta	0xEC8D5E98	987581	2	1	2845	missing	-	extern_missing_in_header
PlayerCondition.db2	sPlayerConditionStore	PlayerConditionEntry	game/DataStores/DB2Stores.cpp	241	193	yes	816	PlayerConditionLoadInfo	3863	147	1	HOTFIX_SEL_PLAYER_CONDITION	player_condition	yes	yes	PlayerConditionMeta	0xEFCD230E	1045411	81	81	2852	missing	-	has_locale_table
PowerDisplay.db2	sPowerDisplayStore	PowerDisplayEntry	game/DataStores/DB2Stores.cpp	242	194	yes	817	PowerDisplayLoadInfo	4019	6	1	HOTFIX_SEL_POWER_DISPLAY	power_display	yes	no	PowerDisplayMeta	0xE9B4E78C	1332557	5	5	2937	missing	-	-
PowerType.db2	sPowerTypeStore	PowerTypeEntry	game/DataStores/DB2Stores.cpp	243	195	yes	818	PowerTypeLoadInfo	4034	13	2	HOTFIX_SEL_POWER_TYPE	power_type	yes	no	PowerTypeMeta	0xA1F55F15	1266022	12	12	2947	missing	-	-
PrestigeLevelInfo.db2	sPrestigeLevelInfoStore	PrestigeLevelInfoEntry	game/DataStores/DB2Stores.cpp	244	-	yes	819	PrestigeLevelInfoLoadInfo	4056	6	1	HOTFIX_SEL_PRESTIGE_LEVEL_INFO	prestige_level_info	yes	yes	PrestigeLevelInfoMeta	0xB4AE6313	1275869	5	5	2966	missing	-	extern_missing_in_header;has_locale_table
PvpSeason.db2	sPvpSeasonStore	PvpSeasonEntry	game/DataStores/DB2Stores.cpp	247	196	yes	822	PvpSeasonLoadInfo	4097	4	0	HOTFIX_SEL_PVP_SEASON	pvp_season	yes	no	PvpSeasonMeta	0x8623DD7F	2966426	3	3	2997	missing	-	-
PvpTalent.db2	sPvpTalentStore	PvpTalentEntry	game/DataStores/DB2Stores.cpp	248	197	yes	823	PvpTalentLoadInfo	4110	9	1	HOTFIX_SEL_PVP_TALENT	pvp_talent	yes	yes	PvpTalentMeta	0x13ABD6C8	1302853	9	9	3005	missing	-	has_locale_table
PvpTalentCategory.db2	sPvpTalentCategoryStore	PvpTalentCategoryEntry	game/DataStores/DB2Stores.cpp	249	198	yes	824	PvpTalentCategoryLoadInfo	4128	2	0	HOTFIX_SEL_PVP_TALENT_CATEGORY	pvp_talent_category	yes	no	PvpTalentCategoryMeta	0x93410D30	1891534	1	1	3018	missing	-	-
PvpTalentSlotUnlock.db2	sPvpTalentSlotUnlockStore	PvpTalentSlotUnlockEntry	game/DataStores/DB2Stores.cpp	250	199	yes	825	PvpTalentSlotUnlockLoadInfo	4139	5	0	HOTFIX_SEL_PVP_TALENT_SLOT_UNLOCK	pvp_talent_slot_unlock	yes	no	PvpTalentSlotUnlockMeta	0xA08CCB66	1950197	4	4	3024	missing	-	-
PvpTier.db2	sPvpTierStore	PvpTierEntry	game/DataStores/DB2Stores.cpp	251	200	yes	826	PvpTierLoadInfo	4153	9	1	HOTFIX_SEL_PVP_TIER	pvp_tier	yes	yes	PvpTierMeta	0xF5A42A7C	2066871	8	8	3033	missing	-	has_locale_table
QuestFactionReward.db2	sQuestFactionRewardStore	QuestFactionRewardEntry	game/DataStores/DB2Stores.cpp	252	201	yes	827	QuestFactionRewardLoadInfo	4171	11	0	HOTFIX_SEL_QUEST_FACTION_REWARD	quest_faction_reward	yes	no	QuestFactionRewardMeta	0xE6DC889F	1282622	1	1	3046	partial	crates/wow-data/src/progression_rewards.rs; crates/world-server/src/main.rs; crates/wow-world/src/session.rs; crates/wow-world/src/handlers/quest.rs	Loaded as QuestFactionRewardStore and used for represented quest reward reputation RewardFactionValue row/field lookup; hotfix overlay/table parity still incomplete
QuestInfo.db2	sQuestInfoStore	QuestInfoEntry	game/DataStores/DB2Stores.cpp	253	202	yes	828	QuestInfoLoadInfo	4191	5	1	HOTFIX_SEL_QUEST_INFO	quest_info	yes	yes	QuestInfoMeta	0x8CE69EF5	1120960	4	4	3052	missing	-	has_locale_table
QuestLineXQuest.db2	sQuestLineXQuestStore	QuestLineXQuestEntry	game/DataStores/DB2Stores.cpp	254	-	yes	829	QuestLineXQuestLoadInfo	4205	4	0	HOTFIX_SEL_QUEST_LINE_X_QUEST	quest_line_x_quest	yes	no	QuestLineXQuestMeta	0x83C5B32B	973441	3	3	3061	missing	-	extern_missing_in_header
QuestMoneyReward.db2	sQuestMoneyRewardStore	QuestMoneyRewardEntry	game/DataStores/DB2Stores.cpp	255	203	yes	830	QuestMoneyRewardLoadInfo	4218	11	0	HOTFIX_SEL_QUEST_MONEY_REWARD	quest_money_reward	yes	no	QuestMoneyRewardMeta	0xBFB6413C	1139047	1	1	3069	missing	-	-
QuestPackageItem.db2	sQuestPackageItemStore	QuestPackageItemEntry	game/DataStores/DB2Stores.cpp	256	-	yes	831	QuestPackageItemLoadInfo	4238	5	0	HOTFIX_SEL_QUEST_PACKAGE_ITEM	quest_package_item	yes	no	QuestPackageItemMeta	0xA2C252CF	801743	4	4	3075	missing	-	extern_missing_in_header
QuestSort.db2	sQuestSortStore	QuestSortEntry	game/DataStores/DB2Stores.cpp	257	204	yes	832	QuestSortLoadInfo	4252	3	1	HOTFIX_SEL_QUEST_SORT	quest_sort	yes	yes	QuestSortMeta	0x1DDCABD9	1134585	2	2	3084	missing	-	has_locale_table
QuestV2.db2	sQuestV2Store	QuestV2Entry	game/DataStores/DB2Stores.cpp	258	-	yes	833	QuestV2LoadInfo	4264	2	0	HOTFIX_SEL_QUEST_V2	quest_v2	yes	no	QuestV2Meta	0xBB71B2AE	1139443	1	1	3091	missing	-	extern_missing_in_header
QuestXP.db2	sQuestXPStore	QuestXPEntry	game/DataStores/DB2Stores.cpp	259	205	yes	834	QuestXpLoadInfo	4275	11	0	HOTFIX_SEL_QUEST_XP	quest_xp	yes	no	QuestXPMeta	0xCC84B93E	1139378	1	1	3097	rust_db2_file_loader	crates/wow-data/src/quest_xp.rs	-
RandPropPoints.db2	sRandPropPointsStore	RandPropPointsEntry	game/DataStores/DB2Stores.cpp	260	206	yes	835	RandPropPointsLoadInfo	4295	17	0	HOTFIX_SEL_RAND_PROP_POINTS	rand_prop_points	yes	no	RandPropPointsMeta	0x16C5E260	1310245	4	4	3103	implemented	crates/wow-data/src/rand_prop_points.rs; crates/world-server/src/main.rs	Loaded for ItemEnchantmentMgr::GetRandomPropertyPoints
RewardPack.db2	sRewardPackStore	RewardPackEntry	game/DataStores/DB2Stores.cpp	261	207	yes	836	RewardPackLoadInfo	4321	7	0	HOTFIX_SEL_REWARD_PACK	reward_pack	yes	no	RewardPackMeta	0x214B9595	1307156	6	6	3112	missing	-	-
RewardPackXCurrencyType.db2	sRewardPackXCurrencyTypeStore	RewardPackXCurrencyTypeEntry	game/DataStores/DB2Stores.cpp	262	-	yes	837	RewardPackXCurrencyTypeLoadInfo	4337	4	0	HOTFIX_SEL_REWARD_PACK_X_CURRENCY_TYPE	reward_pack_x_currency_type	yes	no	RewardPackXCurrencyTypeMeta	0x5692D477	1307153	3	2	3123	missing	-	extern_missing_in_header
RewardPackXItem.db2	sRewardPackXItemStore	RewardPackXItemEntry	game/DataStores/DB2Stores.cpp	263	-	yes	838	RewardPackXItemLoadInfo	4350	4	0	HOTFIX_SEL_REWARD_PACK_X_ITEM	reward_pack_x_item	yes	no	RewardPackXItemMeta	0x219E3F5D	1307155	3	2	3131	missing	-	extern_missing_in_header
ScalingStatDistribution.db2	sScalingStatDistributionStore	ScalingStatDistributionEntry	game/DataStores/DB2Stores.cpp	264	211	yes	839	ScalingStatDistributionLoadInfo	4399	24	0	HOTFIX_SEL_SCALING_STAT_DISTRIBUTION	scaling_stat_distribution	yes	no	ScalingStatDistributionMeta	0x2F06EE49	1141728	5	5	3171	missing	-	-
ScalingStatValues.db2	sScalingStatValuesStore	ScalingStatValuesEntry	game/DataStores/DB2Stores.cpp	265	212	yes	840	ScalingStatValuesLoadInfo	4432	24	0	HOTFIX_SEL_SCALING_STAT_VALUES	scaling_stat_values	yes	no	ScalingStatValuesMeta	0x7037AEF9	4719537	23	23	3181	missing	-	-
Scenario.db2	sScenarioStore	ScenarioEntry	game/DataStores/DB2Stores.cpp	266	208	yes	841	ScenarioLoadInfo	4363	6	1	HOTFIX_SEL_SCENARIO	scenario	yes	yes	ScenarioMeta	0x6CEEC7F6	1139062	5	5	3139	missing	-	has_locale_table
ScenarioStep.db2	sScenarioStepStore	ScenarioStepEntry	game/DataStores/DB2Stores.cpp	267	209	yes	842	ScenarioStepLoadInfo	4378	12	2	HOTFIX_SEL_SCENARIO_STEP	scenario_step	yes	yes	ScenarioStepMeta	0xFAB5BD3A	1132761	11	11	3149	missing	-	has_locale_table
SceneScript.db2	sSceneScriptStore	SceneScriptEntry	game/DataStores/DB2Stores.cpp	268	-	yes	843	SceneScriptLoadInfo	4465	4	0	HOTFIX_SEL_SCENE_SCRIPT	scene_script	yes	no	SceneScriptMeta	0xF24D5AEA	801754	3	3	3271	missing	-	extern_missing_in_header
SceneScriptGlobalText.db2	sSceneScriptGlobalTextStore	SceneScriptGlobalTextEntry	game/DataStores/DB2Stores.cpp	269	-	yes	844	SceneScriptGlobalTextLoadInfo	4478	3	2	HOTFIX_SEL_SCENE_SCRIPT_GLOBAL_TEXT	scene_script_global_text	yes	no	SceneScriptGlobalTextMeta	0x8239EFCD	1758036	2	2	3279	missing	-	extern_missing_in_header
SceneScriptPackage.db2	sSceneScriptPackageStore	SceneScriptPackageEntry	game/DataStores/DB2Stores.cpp	270	213	yes	845	SceneScriptPackageLoadInfo	4490	2	1	HOTFIX_SEL_SCENE_SCRIPT_PACKAGE	scene_script_package	yes	no	SceneScriptPackageMeta	0x490A170A	801755	1	1	3286	missing	-	-
SceneScriptText.db2	sSceneScriptTextStore	SceneScriptTextEntry	game/DataStores/DB2Stores.cpp	271	-	yes	846	SceneScriptTextLoadInfo	4501	3	2	HOTFIX_SEL_SCENE_SCRIPT_TEXT	scene_script_text	yes	no	SceneScriptTextMeta	0x8239EFCD	1758037	2	2	3292	missing	-	extern_missing_in_header
ServerMessages.db2	sServerMessagesStore	ServerMessagesEntry	game/DataStores/DB2Stores.cpp	272	214	yes	847	ServerMessagesLoadInfo	4513	2	1	HOTFIX_SEL_SERVER_MESSAGES	server_messages	yes	yes	ServerMessagesMeta	0xBF527CAF	1301141	1	1	3299	missing	-	has_locale_table
SkillLine.db2	sSkillLineStore	SkillLineEntry	game/DataStores/DB2Stores.cpp	273	210	yes	848	SkillLineLoadInfo	4524	13	5	HOTFIX_SEL_SKILL_LINE	skill_line	yes	yes	SkillLineMeta	0x5CB7F941	1240935	13	13	3305	missing	-	has_locale_table
SkillLineAbility.db2	sSkillLineAbilityStore	SkillLineAbilityEntry	game/DataStores/DB2Stores.cpp	274	215	yes	849	SkillLineAbilityLoadInfo	4546	17	0	HOTFIX_SEL_SKILL_LINE_ABILITY	skill_line_ability	yes	no	SkillLineAbilityMeta	0x5DEA6909	1266278	16	16	3324	rust_db2_file_loader	crates/wow-data/src/skill.rs	-
SkillLineXTraitTree.db2	sSkillLineXTraitTreeStore	SkillLineXTraitTreeEntry	game/DataStores/DB2Stores.cpp	275	216	yes	850	SkillLineXTraitTreeLoadInfo	4572	4	0	HOTFIX_SEL_SKILL_LINE_X_TRAIT_TREE	skill_line_x_trait_tree	yes	no	SkillLineXTraitTreeMeta	0xB2E9968F	4505477	3	3	3346	missing	-	-
SkillRaceClassInfo.db2	sSkillRaceClassInfoStore	SkillRaceClassInfoEntry	game/DataStores/DB2Stores.cpp	276	217	yes	851	SkillRaceClassInfoLoadInfo	4585	8	0	HOTFIX_SEL_SKILL_RACE_CLASS_INFO	skill_race_class_info	yes	no	SkillRaceClassInfoMeta	0x0271228C	1240406	7	7	3354	rust_db2_file_loader	crates/wow-data/src/skill.rs	-
SoundKit.db2	sSoundKitStore	SoundKitEntry	game/DataStores/DB2Stores.cpp	277	218	yes	852	SoundKitLoadInfo	4602	17	0	HOTFIX_SEL_SOUND_KIT	sound_kit	yes	no	SoundKitMeta	0x69EC2D22	1237434	17	17	3366	missing	-	-
SpecSetMember.db2	sSpecSetMemberStore	SpecSetMemberEntry	game/DataStores/DB2Stores.cpp	279	-	yes	854	SpecSetMemberLoadInfo	4643	3	0	HOTFIX_SEL_SPEC_SET_MEMBER	spec_set_member	yes	no	SpecSetMemberMeta	0x48C154DC	2057624	2	1	3397	missing	-	extern_missing_in_header
SpecializationSpells.db2	sSpecializationSpellsStore	SpecializationSpellsEntry	game/DataStores/DB2Stores.cpp	278	-	yes	853	SpecializationSpellsLoadInfo	4628	6	1	HOTFIX_SEL_SPECIALIZATION_SPELLS	specialization_spells	yes	yes	SpecializationSpellsMeta	0xA524AD21	1240335	6	6	3387	missing	-	extern_missing_in_header;has_locale_table
SpellAuraOptions.db2	sSpellAuraOptionsStore	SpellAuraOptionsEntry	game/DataStores/DB2Stores.cpp	280	219	yes	855	SpellAuraOptionsLoadInfo	4655	10	0	HOTFIX_SEL_SPELL_AURA_OPTIONS	spell_aura_options	yes	no	SpellAuraOptionsMeta	0xB247D703	1139952	8	7	3404	missing	-	-
SpellAuraRestrictions.db2	sSpellAuraRestrictionsStore	SpellAuraRestrictionsEntry	game/DataStores/DB2Stores.cpp	281	220	yes	856	SpellAuraRestrictionsLoadInfo	4674	11	0	HOTFIX_SEL_SPELL_AURA_RESTRICTIONS	spell_aura_restric	yes	no	SpellAuraRestrictionsMeta	0x98916922	981566	10	9	3417	missing	-	-
SpellCastTimes.db2	sSpellCastTimesStore	SpellCastTimesEntry	game/DataStores/DB2Stores.cpp	282	221	yes	857	SpellCastTimesLoadInfo	4694	4	0	HOTFIX_SEL_SPELL_CAST_TIMES	spell_cast_times	yes	no	SpellCastTimesMeta	0x11B57305	1134089	3	3	3432	missing	-	-
SpellCastingRequirements.db2	sSpellCastingRequirementsStore	SpellCastingRequirementsEntry	game/DataStores/DB2Stores.cpp	283	222	yes	858	SpellCastingRequirementsLoadInfo	4707	8	0	HOTFIX_SEL_SPELL_CASTING_REQUIREMENTS	spell_casting_requirements	yes	no	SpellCastingRequirementsMeta	0x76B9E4FB	1002166	7	7	3440	missing	-	-
SpellCategories.db2	sSpellCategoriesStore	SpellCategoriesEntry	game/DataStores/DB2Stores.cpp	284	223	yes	859	SpellCategoriesLoadInfo	4724	10	0	HOTFIX_SEL_SPELL_CATEGORIES	spell_categories	yes	no	SpellCategoriesMeta	0xE1D0C5AC	1139939	9	8	3452	missing	-	-
SpellCategory.db2	sSpellCategoryStore	SpellCategoryEntry	game/DataStores/DB2Stores.cpp	285	224	yes	860	SpellCategoryLoadInfo	4743	7	1	HOTFIX_SEL_SPELL_CATEGORY	spell_category	yes	yes	SpellCategoryMeta	0xF7647E24	1280619	6	6	3466	missing	-	has_locale_table
SpellClassOptions.db2	sSpellClassOptionsStore	SpellClassOptionsEntry	game/DataStores/DB2Stores.cpp	286	225	yes	861	SpellClassOptionsLoadInfo	4759	8	0	HOTFIX_SEL_SPELL_CLASS_OPTIONS	spell_class_options	yes	no	SpellClassOptionsMeta	0x427E17F9	979663	4	4	3477	missing	-	-
SpellCooldowns.db2	sSpellCooldownsStore	SpellCooldownsEntry	game/DataStores/DB2Stores.cpp	287	226	yes	862	SpellCooldownsLoadInfo	4776	6	0	HOTFIX_SEL_SPELL_COOLDOWNS	spell_cooldowns	yes	no	SpellCooldownsMeta	0xDD35D72E	1139924	5	4	3486	missing	-	-
SpellDuration.db2	sSpellDurationStore	SpellDurationEntry	game/DataStores/DB2Stores.cpp	288	227	yes	863	SpellDurationLoadInfo	4791	4	0	HOTFIX_SEL_SPELL_DURATION	spell_duration	yes	no	SpellDurationMeta	0x5ECABAFD	1137828	3	3	3496	missing	-	-
SpellEffect.db2	sSpellEffectStore	SpellEffectEntry	game/DataStores/DB2Stores.cpp	289	228	yes	864	SpellEffectLoadInfo	4804	36	0	HOTFIX_SEL_SPELL_EFFECT	spell_effect	yes	no	SpellEffectMeta	0x6B64DD7A	1140088	29	28	3504	rust_hotfix_direct_sql	crates/wow-data/src/spell.rs	-
SpellEquippedItems.db2	sSpellEquippedItemsStore	SpellEquippedItemsEntry	game/DataStores/DB2Stores.cpp	290	229	yes	865	SpellEquippedItemsLoadInfo	4849	5	0	HOTFIX_SEL_SPELL_EQUIPPED_ITEMS	spell_equipped_items	yes	no	SpellEquippedItemsMeta	0x9E98F8F8	1140011	4	4	3540	missing	-	-
SpellFocusObject.db2	sSpellFocusObjectStore	SpellFocusObjectEntry	game/DataStores/DB2Stores.cpp	291	230	yes	866	SpellFocusObjectLoadInfo	4863	2	1	HOTFIX_SEL_SPELL_FOCUS_OBJECT	spell_focus_object	yes	yes	SpellFocusObjectMeta	0xB0DD8F60	1280620	1	1	3549	missing	-	has_locale_table
SpellInterrupts.db2	sSpellInterruptsStore	SpellInterruptsEntry	game/DataStores/DB2Stores.cpp	292	231	yes	867	SpellInterruptsLoadInfo	4874	8	0	HOTFIX_SEL_SPELL_INTERRUPTS	spell_interrupts	yes	no	SpellInterruptsMeta	0x15BFA3E0	1139906	5	4	3555	missing	-	-
SpellItemEnchantment.db2	sSpellItemEnchantmentStore	SpellItemEnchantmentEntry	game/DataStores/DB2Stores.cpp	293	232	yes	868	SpellItemEnchantmentLoadInfo	4891	30	2	HOTFIX_SEL_SPELL_ITEM_ENCHANTMENT	spell_item_enchantment	yes	yes	SpellItemEnchantmentMeta	0xA7B31604	1362771	21	21	3567	missing	-	has_locale_table
SpellItemEnchantmentCondition.db2	sSpellItemEnchantmentConditionStore	SpellItemEnchantmentConditionEntry	game/DataStores/DB2Stores.cpp	294	233	yes	869	SpellItemEnchantmentConditionLoadInfo	4930	31	0	HOTFIX_SEL_SPELL_ITEM_ENCHANTMENT_CONDITION	spell_item_enchantment_condition	yes	no	SpellItemEnchantmentConditionMeta	0xC1340327	1121834	6	6	3595	missing	-	-
SpellKeyboundOverride.db2	sSpellKeyboundOverrideStore	SpellKeyboundOverrideEntry	game/DataStores/DB2Stores.cpp	295	234	yes	870	SpellKeyboundOverrideLoadInfo	4970	5	1	HOTFIX_SEL_SPELL_KEYBOUND_OVERRIDE	spell_keybound_override	yes	no	SpellKeyboundOverrideMeta	0x3E33E322	1127327	4	4	3606	missing	-	-
SpellLabel.db2	sSpellLabelStore	SpellLabelEntry	game/DataStores/DB2Stores.cpp	296	235	yes	871	SpellLabelLoadInfo	4984	3	0	HOTFIX_SEL_SPELL_LABEL	spell_label	yes	no	SpellLabelMeta	0x8FB85089	1347275	2	1	3615	missing	-	-
SpellLearnSpell.db2	sSpellLearnSpellStore	SpellLearnSpellEntry	game/DataStores/DB2Stores.cpp	297	236	yes	872	SpellLearnSpellLoadInfo	4996	4	0	HOTFIX_SEL_SPELL_LEARN_SPELL	spell_learn_spell	yes	no	SpellLearnSpellMeta	0x6E612037	1001907	3	3	3622	missing	-	-
SpellLevels.db2	sSpellLevelsStore	SpellLevelsEntry	game/DataStores/DB2Stores.cpp	298	237	yes	873	SpellLevelsLoadInfo	5009	7	0	HOTFIX_SEL_SPELL_LEVELS	spell_levels	yes	no	SpellLevelsMeta	0x1045DB60	1140079	6	5	3630	missing	-	-
SpellMisc.db2	sSpellMiscStore	SpellMiscEntry	game/DataStores/DB2Stores.cpp	299	238	yes	874	SpellMiscLoadInfo	5025	29	0	HOTFIX_SEL_SPELL_MISC	spell_misc	yes	no	SpellMiscMeta	0x316AB86A	1003144	14	13	3641	rust_hotfix_direct_sql	crates/wow-data/src/spell.rs	-
SpellName.db2	sSpellNameStore	SpellNameEntry	game/DataStores/DB2Stores.cpp	300	239	yes	875	SpellNameLoadInfo	5063	2	1	HOTFIX_SEL_SPELL_NAME	spell_name	yes	yes	SpellNameMeta	0xB0DD8F60	1990283	1	1	3660	missing	-	has_locale_table
SpellPower.db2	sSpellPowerStore	SpellPowerEntry	game/DataStores/DB2Stores.cpp	301	240	yes	876	SpellPowerLoadInfo	5074	14	0	HOTFIX_SEL_SPELL_POWER	spell_power	yes	no	SpellPowerMeta	0xD61F566E	982806	14	13	3666	missing	-	-
SpellPowerDifficulty.db2	sSpellPowerDifficultyStore	SpellPowerDifficultyEntry	game/DataStores/DB2Stores.cpp	302	241	yes	877	SpellPowerDifficultyLoadInfo	5097	3	0	HOTFIX_SEL_SPELL_POWER_DIFFICULTY	spell_power_difficulty	yes	no	SpellPowerDifficultyMeta	0x8CDFB01A	982804	3	3	3685	missing	-	-
SpellProcsPerMinute.db2	sSpellProcsPerMinuteStore	SpellProcsPerMinuteEntry	game/DataStores/DB2Stores.cpp	303	242	yes	878	SpellProcsPerMinuteLoadInfo	5109	3	0	HOTFIX_SEL_SPELL_PROCS_PER_MINUTE	spell_procs_per_minute	yes	no	SpellProcsPerMinuteMeta	0x8398D285	1133526	2	2	3692	missing	-	-
SpellProcsPerMinuteMod.db2	sSpellProcsPerMinuteModStore	SpellProcsPerMinuteModEntry	game/DataStores/DB2Stores.cpp	304	-	yes	879	SpellProcsPerMinuteModLoadInfo	5121	5	0	HOTFIX_SEL_SPELL_PROCS_PER_MINUTE_MOD	spell_procs_per_minute_mod	yes	no	SpellProcsPerMinuteModMeta	0x4BFCB147	1133525	4	3	3699	missing	-	extern_missing_in_header
SpellRadius.db2	sSpellRadiusStore	SpellRadiusEntry	game/DataStores/DB2Stores.cpp	305	243	yes	880	SpellRadiusLoadInfo	5135	5	0	HOTFIX_SEL_SPELL_RADIUS	spell_radius	yes	no	SpellRadiusMeta	0x84246EAE	1134584	4	4	3708	missing	-	-
SpellRange.db2	sSpellRangeStore	SpellRangeEntry	game/DataStores/DB2Stores.cpp	306	244	yes	881	SpellRangeLoadInfo	5149	8	2	HOTFIX_SEL_SPELL_RANGE	spell_range	yes	yes	SpellRangeMeta	0x1A9D89B3	1146820	5	5	3717	missing	-	has_locale_table
SpellReagents.db2	sSpellReagentsStore	SpellReagentsEntry	game/DataStores/DB2Stores.cpp	307	245	yes	882	SpellReagentsLoadInfo	5166	18	0	HOTFIX_SEL_SPELL_REAGENTS	spell_reagents	yes	no	SpellReagentsMeta	0xF0E58683	841946	3	3	3729	missing	-	-
SpellReagentsCurrency.db2	sSpellReagentsCurrencyStore	SpellReagentsCurrencyEntry	game/DataStores/DB2Stores.cpp	308	246	yes	883	SpellReagentsCurrencyLoadInfo	5193	4	0	HOTFIX_SEL_SPELL_REAGENTS_CURRENCY	spell_reagents_currency	yes	no	SpellReagentsCurrencyMeta	0xA7C3638C	1135239	3	3	3737	missing	-	-
SpellScaling.db2	sSpellScalingStore	SpellScalingEntry	game/DataStores/DB2Stores.cpp	309	247	yes	884	SpellScalingLoadInfo	5206	6	0	HOTFIX_SEL_SPELL_SCALING	spell_scaling	yes	no	SpellScalingMeta	0xF28716CC	1139940	5	5	3745	missing	-	-
SpellShapeshift.db2	sSpellShapeshiftStore	SpellShapeshiftEntry	game/DataStores/DB2Stores.cpp	310	248	yes	885	SpellShapeshiftLoadInfo	5221	7	0	HOTFIX_SEL_SPELL_SHAPESHIFT	spell_shapeshift	yes	no	SpellShapeshiftMeta	0xCBF64431	1139929	4	4	3755	missing	-	-
SpellShapeshiftForm.db2	sSpellShapeshiftFormStore	SpellShapeshiftFormEntry	game/DataStores/DB2Stores.cpp	311	249	yes	886	SpellShapeshiftFormLoadInfo	5237	21	1	HOTFIX_SEL_SPELL_SHAPESHIFT_FORM	spell_shapeshift_form	yes	yes	SpellShapeshiftFormMeta	0xBFE8FFA1	1280618	10	10	3766	missing	-	has_locale_table
SpellTargetRestrictions.db2	sSpellTargetRestrictionsStore	SpellTargetRestrictionsEntry	game/DataStores/DB2Stores.cpp	312	250	yes	887	SpellTargetRestrictionsLoadInfo	5267	9	0	HOTFIX_SEL_SPELL_TARGET_RESTRICTIONS	spell_target_restrictions	yes	no	SpellTargetRestrictionsMeta	0xAC82CF4B	1139993	8	7	3783	missing	-	-
SpellTotems.db2	sSpellTotemsStore	SpellTotemsEntry	game/DataStores/DB2Stores.cpp	313	251	yes	888	SpellTotemsLoadInfo	5285	6	0	HOTFIX_SEL_SPELL_TOTEMS	spell_totems	yes	no	SpellTotemsMeta	0x230DD39D	1002162	3	3	3798	missing	-	-
SpellVisual.db2	sSpellVisualStore	SpellVisualEntry	game/DataStores/DB2Stores.cpp	314	252	yes	889	SpellVisualLoadInfo	5300	23	0	HOTFIX_SEL_SPELL_VISUAL	spell_visual	yes	no	SpellVisualMeta	0xBAA2E3FD	897952	18	18	3806	missing	-	-
SpellVisualEffectName.db2	sSpellVisualEffectNameStore	SpellVisualEffectNameEntry	game/DataStores/DB2Stores.cpp	315	253	yes	890	SpellVisualEffectNameLoadInfo	5332	15	0	HOTFIX_SEL_SPELL_VISUAL_EFFECT_NAME	spell_visual_ef	yes	no	SpellVisualEffectNameMeta	0x6F64D3DD	897948	14	14	3829	missing	-	-
SpellVisualKit.db2	sSpellVisualKitStore	SpellVisualKitEntry	game/DataStores/DB2Stores.cpp	317	254	yes	892	SpellVisualKitLoadInfo	5385	7	0	HOTFIX_SEL_SPELL_VISUAL_KIT	spell_visual_kit	yes	no	SpellVisualKitMeta	0xB08DAE10	897949	5	5	3868	missing	-	-
SpellVisualMissile.db2	sSpellVisualMissileStore	SpellVisualMissileEntry	game/DataStores/DB2Stores.cpp	316	-	yes	891	SpellVisualMissileLoadInfo	5356	20	0	HOTFIX_SEL_SPELL_VISUAL_MISSILE	spell_visual_missile	yes	no	SpellVisualMissileMeta	0xC15741C9	897954	16	15	3848	missing	-	extern_missing_in_header
SpellXSpellVisual.db2	sSpellXSpellVisualStore	SpellXSpellVisualEntry	game/DataStores/DB2Stores.cpp	318	255	yes	893	SpellXSpellVisualLoadInfo	5401	13	0	HOTFIX_SEL_SPELL_X_SPELL_VISUAL	spell_	yes	no	SpellXSpellVisualMeta	0x83B098CF	1101657	13	12	3878	missing	-	-
SummonProperties.db2	sSummonPropertiesStore	SummonPropertiesEntry	game/DataStores/DB2Stores.cpp	319	256	yes	894	SummonPropertiesLoadInfo	5423	7	0	HOTFIX_SEL_SUMMON_PROPERTIES	summon_properties	yes	no	SummonPropertiesMeta	0x927C6DBA	1345276	5	5	3895	missing	-	-
TactKey.db2	sTactKeyStore	TactKeyEntry	game/DataStores/DB2Stores.cpp	320	-	yes	895	TactKeyLoadInfo	5439	17	0	HOTFIX_SEL_TACT_KEY	tact_key	yes	no	TactKeyMeta	0xD3F61A9E	1302850	1	1	3909	missing	-	extern_missing_in_header
Talent.db2	sTalentStore	TalentEntry	game/DataStores/DB2Stores.cpp	321	257	yes	896	TalentLoadInfo	5465	28	1	HOTFIX_SEL_TALENT	talent	yes	yes	TalentMeta	0x8384964D	1369062	14	14	3915	missing	-	has_locale_table
TalentTab.db2	sTalentTabStore	TalentTabEntry	game/DataStores/DB2Stores.cpp	322	258	yes	897	TalentTabLoadInfo	5502	8	2	HOTFIX_SEL_TALENT_TAB	talent_tab	yes	yes	TalentTabMeta	0x8F29D056	2178102	7	7	3934	missing	-	has_locale_table
TaxiNodes.db2	sTaxiNodesStore	TaxiNodesEntry	game/DataStores/DB2Stores.cpp	323	259	yes	898	TaxiNodesLoadInfo	5519	19	1	HOTFIX_SEL_TAXI_NODES	taxi_nodes	yes	yes	TaxiNodesMeta	0x609F20BF	1068100	14	14	3946	missing	-	has_locale_table
TaxiPath.db2	sTaxiPathStore	TaxiPathEntry	game/DataStores/DB2Stores.cpp	324	260	yes	899	TaxiPathLoadInfo	5547	4	0	HOTFIX_SEL_TAXI_PATH	taxi_path	yes	no	TaxiPathMeta	0x9B67699C	1067802	4	4	3981	missing	-	-
TaxiPathNode.db2	sTaxiPathNodeStore	TaxiPathNodeEntry	game/DataStores/DB2Stores.cpp	325	261	yes	900	TaxiPathNodeLoadInfo	5560	11	0	HOTFIX_SEL_TAXI_PATH_NODE	taxi_path_node	yes	no	TaxiPathNodeMeta	0xC38748B1	1000437	9	9	3989	missing	-	-
TotemCategory.db2	sTotemCategoryStore	TotemCategoryEntry	game/DataStores/DB2Stores.cpp	326	-	yes	901	TotemCategoryLoadInfo	5580	4	1	HOTFIX_SEL_TOTEM_CATEGORY	totem_category	yes	yes	TotemCategoryMeta	0x81755C9C	1134586	3	3	4002	missing	-	extern_missing_in_header;has_locale_table
Toy.db2	sToyStore	ToyEntry	game/DataStores/DB2Stores.cpp	327	-	yes	902	ToyLoadInfo	5593	5	1	HOTFIX_SEL_TOY	toy	yes	yes	ToyMeta	0xED0030EE	988200	5	5	4010	missing	-	extern_missing_in_header;has_locale_table
TraitCond.db2	sTraitCondStore	TraitCondEntry	game/DataStores/DB2Stores.cpp	328	262	yes	903	TraitCondLoadInfo	5618	15	0	HOTFIX_SEL_TRAIT_COND	trait_cond	yes	no	TraitCondMeta	0x91F4174C	4543085	15	15	4025	missing	-	-
TraitCost.db2	sTraitCostStore	TraitCostEntry	game/DataStores/DB2Stores.cpp	329	263	yes	904	TraitCostLoadInfo	5642	4	1	HOTFIX_SEL_TRAIT_COST	trait_cost	yes	no	TraitCostMeta	0xCECF8496	4420295	4	4	4046	missing	-	-
TraitCurrency.db2	sTraitCurrencyStore	TraitCurrencyEntry	game/DataStores/DB2Stores.cpp	330	264	yes	905	TraitCurrencyLoadInfo	5655	5	0	HOTFIX_SEL_TRAIT_CURRENCY	trait_currency	yes	no	TraitCurrencyMeta	0x5BF919EC	4524216	5	5	4054	missing	-	-
TraitCurrencySource.db2	sTraitCurrencySourceStore	TraitCurrencySourceEntry	game/DataStores/DB2Stores.cpp	331	265	yes	906	TraitCurrencySourceLoadInfo	5669	9	1	HOTFIX_SEL_TRAIT_CURRENCY_SOURCE	trait_currency_source	yes	yes	TraitCurrencySourceMeta	0xD42C05FC	4539393	9	9	4065	missing	-	has_locale_table
TraitDefinition.db2	sTraitDefinitionStore	TraitDefinitionEntry	game/DataStores/DB2Stores.cpp	332	266	yes	907	TraitDefinitionLoadInfo	5687	8	3	HOTFIX_SEL_TRAIT_DEFINITION	trait_definition	yes	yes	TraitDefinitionMeta	0x05675F68	4420327	8	8	4078	missing	-	has_locale_table
TraitDefinitionEffectPoints.db2	sTraitDefinitionEffectPointsStore	TraitDefinitionEffectPointsEntry	game/DataStores/DB2Stores.cpp	333	267	yes	908	TraitDefinitionEffectPointsLoadInfo	5704	5	0	HOTFIX_SEL_TRAIT_DEFINITION_EFFECT_POINTS	trait_definition_effect_points	yes	no	TraitDefinitionEffectPointsMeta	0x5C22E1DB	4536895	5	5	4090	missing	-	-
TraitEdge.db2	sTraitEdgeStore	TraitEdgeEntry	game/DataStores/DB2Stores.cpp	334	268	yes	909	TraitEdgeLoadInfo	5718	5	0	HOTFIX_SEL_TRAIT_EDGE	trait_edge	yes	no	TraitEdgeMeta	0x32F9DD9A	4420308	5	5	4101	missing	-	-
TraitNode.db2	sTraitNodeStore	TraitNodeEntry	game/DataStores/DB2Stores.cpp	335	269	yes	910	TraitNodeLoadInfo	5732	6	0	HOTFIX_SEL_TRAIT_NODE	trait_node	yes	no	TraitNodeMeta	0x839579A1	4420297	6	6	4110	missing	-	-
TraitNodeEntry.db2	sTraitNodeEntryStore	TraitNodeEntryEntry	game/DataStores/DB2Stores.cpp	336	270	yes	911	TraitNodeEntryLoadInfo	5747	4	0	HOTFIX_SEL_TRAIT_NODE_ENTRY	trait_node_entry	yes	no	TraitNodeEntryMeta	0x81B195E8	4420298	4	4	4122	missing	-	-
TraitNodeEntryXTraitCond.db2	sTraitNodeEntryXTraitCondStore	TraitNodeEntryXTraitCondEntry	game/DataStores/DB2Stores.cpp	337	271	yes	912	TraitNodeEntryXTraitCondLoadInfo	5760	3	0	HOTFIX_SEL_TRAIT_NODE_ENTRY_X_TRAIT_COND	trait_node_entry_x_trait_cond	yes	no	TraitNodeEntryXTraitCondMeta	0x53ACC501	4543088	3	3	4132	missing	-	-
TraitNodeEntryXTraitCost.db2	sTraitNodeEntryXTraitCostStore	TraitNodeEntryXTraitCostEntry	game/DataStores/DB2Stores.cpp	338	272	yes	913	TraitNodeEntryXTraitCostLoadInfo	5772	3	0	HOTFIX_SEL_TRAIT_NODE_ENTRY_X_TRAIT_COST	trait_node_entry_x_trait_cost	yes	no	TraitNodeEntryXTraitCostMeta	0x4178D9E2	4420299	3	3	4139	missing	-	-
TraitNodeGroup.db2	sTraitNodeGroupStore	TraitNodeGroupEntry	game/DataStores/DB2Stores.cpp	339	273	yes	914	TraitNodeGroupLoadInfo	5784	3	0	HOTFIX_SEL_TRAIT_NODE_GROUP	trait_node_group	yes	no	TraitNodeGroupMeta	0xF4E2E579	4420300	3	3	4146	missing	-	-
TraitNodeGroupXTraitCond.db2	sTraitNodeGroupXTraitCondStore	TraitNodeGroupXTraitCondEntry	game/DataStores/DB2Stores.cpp	340	274	yes	915	TraitNodeGroupXTraitCondLoadInfo	5796	3	0	HOTFIX_SEL_TRAIT_NODE_GROUP_X_TRAIT_COND	trait_node_group_x_trait_cond	yes	no	TraitNodeGroupXTraitCondMeta	0x28117816	4543090	3	3	4153	missing	-	-
TraitNodeGroupXTraitCost.db2	sTraitNodeGroupXTraitCostStore	TraitNodeGroupXTraitCostEntry	game/DataStores/DB2Stores.cpp	341	275	yes	916	TraitNodeGroupXTraitCostLoadInfo	5808	3	0	HOTFIX_SEL_TRAIT_NODE_GROUP_X_TRAIT_COST	trait_node_group_x_trait_cost	yes	no	TraitNodeGroupXTraitCostMeta	0x97B85B29	4420301	3	3	4160	missing	-	-
TraitNodeGroupXTraitNode.db2	sTraitNodeGroupXTraitNodeStore	TraitNodeGroupXTraitNodeEntry	game/DataStores/DB2Stores.cpp	342	276	yes	917	TraitNodeGroupXTraitNodeLoadInfo	5820	4	0	HOTFIX_SEL_TRAIT_NODE_GROUP_X_TRAIT_NODE	trait_node_group_x_trait_node	yes	no	TraitNodeGroupXTraitNodeMeta	0xD91D6CFE	4420302	4	4	4167	missing	-	-
TraitNodeXTraitCond.db2	sTraitNodeXTraitCondStore	TraitNodeXTraitCondEntry	game/DataStores/DB2Stores.cpp	343	277	yes	918	TraitNodeXTraitCondLoadInfo	5833	3	0	HOTFIX_SEL_TRAIT_NODE_X_TRAIT_COND	trait_node_x_trait_cond	yes	no	TraitNodeXTraitCondMeta	0xFEFA16A7	4543092	3	3	4175	missing	-	-
TraitNodeXTraitCost.db2	sTraitNodeXTraitCostStore	TraitNodeXTraitCostEntry	game/DataStores/DB2Stores.cpp	344	278	yes	919	TraitNodeXTraitCostLoadInfo	5845	3	0	HOTFIX_SEL_TRAIT_NODE_X_TRAIT_COST	trait_node_x_trait_cost	yes	no	TraitNodeXTraitCostMeta	0x883FDE7A	4420303	3	3	4182	missing	-	-
TraitNodeXTraitNodeEntry.db2	sTraitNodeXTraitNodeEntryStore	TraitNodeXTraitNodeEntryEntry	game/DataStores/DB2Stores.cpp	345	279	yes	920	TraitNodeXTraitNodeEntryLoadInfo	5857	4	0	HOTFIX_SEL_TRAIT_NODE_X_TRAIT_NODE_ENTRY	trait_node_x_trait_node_entry	yes	no	TraitNodeXTraitNodeEntryMeta	0xCED10275	4420304	4	4	4189	missing	-	-
TraitTree.db2	sTraitTreeStore	TraitTreeEntry	game/DataStores/DB2Stores.cpp	346	280	yes	921	TraitTreeLoadInfo	5870	8	0	HOTFIX_SEL_TRAIT_TREE	trait_tree	yes	no	TraitTreeMeta	0xCA7B3D57	4420305	8	8	4197	missing	-	-
TraitTreeLoadout.db2	sTraitTreeLoadoutStore	TraitTreeLoadoutEntry	game/DataStores/DB2Stores.cpp	347	281	yes	922	TraitTreeLoadoutLoadInfo	5887	3	0	HOTFIX_SEL_TRAIT_TREE_LOADOUT	trait_tree_loadout	yes	no	TraitTreeLoadoutMeta	0xDE3BFB35	4669507	3	3	4211	missing	-	-
TraitTreeLoadoutEntry.db2	sTraitTreeLoadoutEntryStore	TraitTreeLoadoutEntryEntry	game/DataStores/DB2Stores.cpp	348	282	yes	923	TraitTreeLoadoutEntryLoadInfo	5899	6	0	HOTFIX_SEL_TRAIT_TREE_LOADOUT_ENTRY	trait_tree_loadout_entry	yes	no	TraitTreeLoadoutEntryMeta	0x3B3D126A	4669509	6	6	4218	missing	-	-
TraitTreeXTraitCost.db2	sTraitTreeXTraitCostStore	TraitTreeXTraitCostEntry	game/DataStores/DB2Stores.cpp	349	283	yes	924	TraitTreeXTraitCostLoadInfo	5914	3	0	HOTFIX_SEL_TRAIT_TREE_X_TRAIT_COST	trait_tree_x_trait_cost	yes	no	TraitTreeXTraitCostMeta	0x823738BA	4420306	3	3	4228	missing	-	-
TraitTreeXTraitCurrency.db2	sTraitTreeXTraitCurrencyStore	TraitTreeXTraitCurrencyEntry	game/DataStores/DB2Stores.cpp	350	284	yes	925	TraitTreeXTraitCurrencyLoadInfo	5926	4	0	HOTFIX_SEL_TRAIT_TREE_X_TRAIT_CURRENCY	trait_tree_x_trait_currency	yes	no	TraitTreeXTraitCurrencyMeta	0x298B67E6	4524218	4	4	4235	missing	-	-
TransmogHoliday.db2	sTransmogHolidayStore	TransmogHolidayEntry	game/DataStores/DB2Stores.cpp	351	285	yes	926	TransmogHolidayLoadInfo	5607	2	0	HOTFIX_SEL_TRANSMOG_HOLIDAY	transmog_holiday	yes	no	TransmogHolidayMeta	0xB1AA7BE2	1589454	2	2	4019	missing	-	-
TransmogSet.db2	sTransmogSetStore	TransmogSetEntry	game/DataStores/DB2Stores.cpp	352	286	yes	927	TransmogSetLoadInfo	5939	10	1	HOTFIX_SEL_TRANSMOG_SET	transmog_set	yes	yes	TransmogSetMeta	0x12BC4D7F	1376213	10	10	4243	missing	-	has_locale_table
TransmogSetGroup.db2	sTransmogSetGroupStore	TransmogSetGroupEntry	game/DataStores/DB2Stores.cpp	353	287	yes	928	TransmogSetGroupLoadInfo	5958	2	1	HOTFIX_SEL_TRANSMOG_SET_GROUP	transmog_set_group	yes	yes	TransmogSetGroupMeta	0x0FBA68B8	1576116	2	2	4257	missing	-	has_locale_table
TransmogSetItem.db2	sTransmogSetItemStore	TransmogSetItemEntry	game/DataStores/DB2Stores.cpp	354	288	yes	929	TransmogSetItemLoadInfo	5969	4	0	HOTFIX_SEL_TRANSMOG_SET_ITEM	transmog_set_item	yes	no	TransmogSetItemMeta	0xEF36A899	1376212	4	4	4263	missing	-	-
TransportAnimation.db2	sTransportAnimationStore	TransportAnimationEntry	game/DataStores/DB2Stores.cpp	355	289	yes	930	TransportAnimationLoadInfo	5982	7	0	HOTFIX_SEL_TRANSPORT_ANIMATION	transport_animation	yes	no	TransportAnimationMeta	0x5C89E4E6	1140686	4	3	4271	missing	-	-
TransportRotation.db2	sTransportRotationStore	TransportRotationEntry	game/DataStores/DB2Stores.cpp	356	290	yes	931	TransportRotationLoadInfo	5998	7	0	HOTFIX_SEL_TRANSPORT_ROTATION	transport_rotation	yes	no	TransportRotationMeta	0xC1124B6A	1140687	3	2	4280	missing	-	-
UiMap.db2	sUiMapStore	UiMapEntry	game/DataStores/DB2Stores.cpp	357	291	yes	932	UiMapLoadInfo	6014	14	1	HOTFIX_SEL_UI_MAP	ui_map	yes	yes	UiMapMeta	0x8B3C7011	1957206	14	14	4288	missing	-	has_locale_table
UiMapAssignment.db2	sUiMapAssignmentStore	UiMapAssignmentEntry	game/DataStores/DB2Stores.cpp	358	-	yes	933	UiMapAssignmentLoadInfo	6037	17	0	HOTFIX_SEL_UI_MAP_ASSIGNMENT	ui_map_assignment	yes	no	UiMapAssignmentMeta	0xFA228778	1957219	10	10	4308	missing	-	extern_missing_in_header
UiMapLink.db2	sUiMapLinkStore	UiMapLinkEntry	game/DataStores/DB2Stores.cpp	359	-	yes	934	UiMapLinkLoadInfo	6063	11	0	HOTFIX_SEL_UI_MAP_LINK	ui_map_link	yes	no	UiMapLinkMeta	0xAB3E538F	2030690	9	9	4322	missing	-	extern_missing_in_header
UiMapXMapArt.db2	sUiMapXMapArtStore	UiMapXMapArtEntry	game/DataStores/DB2Stores.cpp	360	-	yes	935	UiMapXMapArtLoadInfo	6083	4	0	HOTFIX_SEL_UI_MAP_X_MAP_ART	ui_map_x_map_art	yes	no	UiMapXMapArtMeta	0x517CED19	1957217	3	2	4335	missing	-	extern_missing_in_header
UnitCondition.db2	sUnitConditionStore	UnitConditionEntry	game/DataStores/DB2Stores.cpp	361	292	yes	936	UnitConditionLoadInfo	6096	26	0	HOTFIX_SEL_UNIT_CONDITION	unit_c	yes	no	UnitConditionMeta	0x383D75FD	1120959	4	4	4345	missing	-	-
UnitPowerBar.db2	sUnitPowerBarStore	UnitPowerBarEntry	game/DataStores/DB2Stores.cpp	362	293	yes	937	UnitPowerBarLoadInfo	6131	27	4	HOTFIX_SEL_UNIT_POWER_BAR	unit_power_bar	yes	yes	UnitPowerBarMeta	0x6D90F2FD	1237753	16	16	4356	missing	-	has_locale_table
Vehicle.db2	sVehicleStore	VehicleEntry	game/DataStores/DB2Stores.cpp	363	294	yes	938	VehicleLoadInfo	6167	29	0	HOTFIX_SEL_VEHICLE	vehicle	yes	no	VehicleMeta	0x57BE2AC6	1368621	19	19	4379	missing	-	-
VehicleSeat.db2	sVehicleSeatStore	VehicleSeatEntry	game/DataStores/DB2Stores.cpp	364	295	yes	939	VehicleSeatLoadInfo	6205	67	0	HOTFIX_SEL_VEHICLE_SEAT	vehicle_seat	yes	no	VehicleSeatMeta	0x0BE4B80B	1345447	62	62	4403	missing	-	-
WMOAreaTable.db2	sWMOAreaTableStore	WMOAreaTableEntry	game/DataStores/DB2Stores.cpp	365	-	yes	940	WmoAreaTableLoadInfo	6281	15	1	HOTFIX_SEL_WMO_AREA_TABLE	wmo_area_table	yes	yes	WMOAreaTableMeta	0xCD7AF6E0	1355528	15	15	4482	missing	-	extern_missing_in_header;has_locale_table
WorldEffect.db2	sWorldEffectStore	WorldEffectEntry	game/DataStores/DB2Stores.cpp	366	296	yes	941	WorldEffectLoadInfo	6305	7	0	HOTFIX_SEL_WORLD_EFFECT	world_effect	yes	no	WorldEffectMeta	0x6732C81D	1343312	6	6	4501	missing	-	-
WorldMapOverlay.db2	sWorldMapOverlayStore	WorldMapOverlayEntry	game/DataStores/DB2Stores.cpp	367	297	yes	942	WorldMapOverlayLoadInfo	6321	16	0	HOTFIX_SEL_WORLD_MAP_OVERLAY	world_map_overlay	yes	no	WorldMapOverlayMeta	0xD73DE991	1134579	13	13	4514	missing	-	-
WorldStateExpression.db2	sWorldStateExpressionStore	WorldStateExpressionEntry	game/DataStores/DB2Stores.cpp	368	298	yes	943	WorldStateExpressionLoadInfo	6346	2	1	HOTFIX_SEL_WORLD_STATE_EXPRESSION	world_state_expression	yes	no	WorldStateExpressionMeta	0x6695F131	1332558	1	1	4531	missing	-	-
