enum_group	enum_name	enum_ref	key	accessor	cxx_ref	default_expr	rust_refs	status	notes
Bool	CONFIG_DURABILITY_LOSS_IN_PVP	server/game/World/World.h:104	DurabilityLoss.InPvP	Bool	server/game/World/World.cpp:761	false		missing_in_rust	-
Bool	CONFIG_ADDON_CHANNEL	server/game/World/World.h:105	AddonChannel	Bool	server/game/World/World.cpp:769	true		missing_in_rust	-
Bool	CONFIG_CLEAN_CHARACTER_DB	server/game/World/World.h:106	CleanCharacterDB	Bool	server/game/World/World.cpp:770	false		missing_in_rust	-
Bool	CONFIG_GRID_UNLOAD	server/game/World/World.h:107	GridUnload	Bool	server/game/World/World.cpp:797	true		missing_in_rust	-
Bool	CONFIG_STATS_SAVE_ONLY_ON_LOGOUT	server/game/World/World.h:108	PlayerSave.Stats.SaveOnlyOnLogout	Bool	server/game/World/World.cpp:813	true		missing_in_rust	-
Bool	CONFIG_ALLOW_TWO_SIDE_INTERACTION_CALENDAR	server/game/World/World.h:109	AllowTwoSide.Interaction.Calendar	Bool	server/game/World/World.cpp:911	false		missing_in_rust	-
Bool	CONFIG_ALLOW_TWO_SIDE_INTERACTION_CHANNEL	server/game/World/World.h:110	AllowTwoSide.Interaction.Channel	Bool	server/game/World/World.cpp:912	false		missing_in_rust	-
Bool	CONFIG_ALLOW_TWO_SIDE_INTERACTION_GROUP	server/game/World/World.h:111	AllowTwoSide.Interaction.Group	Bool	server/game/World/World.cpp:913	false		missing_in_rust	-
Bool	CONFIG_ALLOW_TWO_SIDE_INTERACTION_GUILD	server/game/World/World.h:112	AllowTwoSide.Interaction.Guild	Bool	server/game/World/World.cpp:914	false		missing_in_rust	-
Bool	CONFIG_ALLOW_TWO_SIDE_INTERACTION_AUCTION	server/game/World/World.h:113	AllowTwoSide.Interaction.Auction	Bool	server/game/World/World.cpp:915	true		missing_in_rust	-
Bool	CONFIG_ALLOW_TWO_SIDE_TRADE	server/game/World/World.h:114	AllowTwoSide.Trade	Bool	server/game/World/World.cpp:916	false		missing_in_rust	-
Bool	CONFIG_ALL_TAXI_PATHS	server/game/World/World.h:115	AllFlightPaths	Bool	server/game/World/World.cpp:1110	false		missing_in_rust	-
Bool	CONFIG_INSTANT_TAXI	server/game/World/World.h:116	InstantFlightPaths	Bool	server/game/World/World.cpp:1111	false		missing_in_rust	-
Bool	CONFIG_INSTANCE_IGNORE_LEVEL	server/game/World/World.h:117	Instance.IgnoreLevel	Bool	server/game/World/World.cpp:1113	false		missing_in_rust	-
Bool	CONFIG_INSTANCE_IGNORE_RAID	server/game/World/World.h:118	Instance.IgnoreRaid	Bool	server/game/World/World.cpp:1114	false		missing_in_rust	-
Bool	CONFIG_CAST_UNSTUCK	server/game/World/World.h:119	CastUnstuck	Bool	server/game/World/World.cpp:1116	true		missing_in_rust	-
Bool	CONFIG_ALLOW_GM_GROUP	server/game/World/World.h:120	GM.AllowInvite	Bool	server/game/World/World.cpp:1163	false		missing_in_rust	-
Bool	CONFIG_GM_LOWER_SECURITY	server/game/World/World.h:121	GM.LowerSecurity	Bool	server/game/World/World.cpp:1164	false		missing_in_rust	-
Bool	CONFIG_SKILL_PROSPECTING	server/game/World/World.h:122	SkillChance.Prospecting	Bool	server/game/World/World.cpp:1213	false		missing_in_rust	-
Bool	CONFIG_SKILL_MILLING	server/game/World/World.h:123	SkillChance.Milling	Bool	server/game/World/World.cpp:1214	false		missing_in_rust	-
Bool	CONFIG_WEATHER	server/game/World/World.h:124	ActivateWeather	Bool	server/game/World/World.cpp:1228	true		missing_in_rust	-
Bool	CONFIG_QUEST_IGNORE_RAID	server/game/World/World.h:125	Quests.IgnoreRaid	Bool	server/game/World/World.cpp:1265	false		missing_in_rust	-
Bool	CONFIG_CHAT_PARTY_RAID_WARNINGS	server/game/World/World.h:126	PartyRaidWarnings	Bool	server/game/World/World.cpp:1704	false		missing_in_rust	-
Bool	CONFIG_DETECT_POS_COLLISION	server/game/World/World.h:127	DetectPosCollision	Bool	server/game/World/World.cpp:1290	true		missing_in_rust	-
Bool	CONFIG_RESTRICTED_LFG_CHANNEL	server/game/World/World.h:128	Channel.RestrictedLfg	Bool	server/game/World/World.cpp:1292	true		missing_in_rust	-
Bool	CONFIG_CHAT_FAKE_MESSAGE_PREVENTING	server/game/World/World.h:129	ChatFakeMessagePreventing	Bool	server/game/World/World.cpp:1294	false		missing_in_rust	-
Bool	CONFIG_DEATH_CORPSE_RECLAIM_DELAY_PVP	server/game/World/World.h:130	Death.CorpseReclaimDelay.PvP	Bool	server/game/World/World.cpp:1307	true		missing_in_rust	-
Bool	CONFIG_DEATH_CORPSE_RECLAIM_DELAY_PVE	server/game/World/World.h:131	Death.CorpseReclaimDelay.PvE	Bool	server/game/World/World.cpp:1308	true		missing_in_rust	-
Bool	CONFIG_DEATH_BONES_WORLD	server/game/World/World.h:132	Death.Bones.World	Bool	server/game/World/World.cpp:1309	true		missing_in_rust	-
Bool	CONFIG_DEATH_BONES_BG_OR_ARENA	server/game/World/World.h:133	Death.Bones.BattlegroundOrArena	Bool	server/game/World/World.cpp:1310	true		missing_in_rust	-
Bool	CONFIG_DIE_COMMAND_MODE	server/game/World/World.h:134	Die.Command.Mode	Bool	server/game/World/World.cpp:1312	true		missing_in_rust	-
Bool	CONFIG_DECLINED_NAMES_USED	server/game/World/World.h:135	DeclinedNames	Bool	server/game/World/World.cpp:1316	false		missing_in_rust	-
Bool	CONFIG_BATTLEGROUND_CAST_DESERTER	server/game/World/World.h:136	Battleground.CastDeserter	Bool	server/game/World/World.cpp:1327	true		missing_in_rust	-
Bool	CONFIG_BATTLEGROUND_QUEUE_ANNOUNCER_ENABLE	server/game/World/World.h:137	Battleground.QueueAnnouncer.Enable	Bool	server/game/World/World.cpp:1328	false		missing_in_rust	-
Bool	CONFIG_BATTLEGROUND_QUEUE_ANNOUNCER_PLAYERONLY	server/game/World/World.h:138	Battleground.QueueAnnouncer.PlayerOnly	Bool	server/game/World/World.cpp:1329	false		missing_in_rust	-
Bool	CONFIG_BATTLEGROUND_STORE_STATISTICS_ENABLE	server/game/World/World.h:139	Battleground.StoreStatistics.Enable	Bool	server/game/World/World.cpp:1330	false		missing_in_rust	-
Bool	CONFIG_BG_XP_FOR_KILL	server/game/World/World.h:140	Battleground.GiveXPForKills	Bool	server/game/World/World.cpp:1345	false		missing_in_rust	-
Bool	CONFIG_ARENA_QUEUE_ANNOUNCER_ENABLE	server/game/World/World.h:141	Arena.QueueAnnouncer.Enable	Bool	server/game/World/World.cpp:1349	false		missing_in_rust	-
Bool	CONFIG_ARENA_SEASON_IN_PROGRESS	server/game/World/World.h:142	Arena.ArenaSeason.InProgress	Bool	server/game/World/World.cpp:1354	false		missing_in_rust	-
Bool	CONFIG_ARENA_LOG_EXTENDED_INFO	server/game/World/World.h:143	ArenaLog.ExtendedInfo	Bool	server/game/World/World.cpp:1355	false		missing_in_rust	-
Bool	CONFIG_OFFHAND_CHECK_AT_SPELL_UNLEARN	server/game/World/World.h:144	OffhandCheckAtSpellUnlearn	Bool	server/game/World/World.cpp:1367	true		missing_in_rust	-
Bool	CONFIG_VMAP_INDOOR_CHECK	server/game/World/World.h:145	vmap.enableIndoorCheck	Bool	server/game/World/World.cpp:1550	false		missing_in_rust	-
Bool	CONFIG_START_ALL_SPELLS	server/game/World/World.h:146	PlayerStart.AllSpells	Bool	server/game/World/World.cpp:1564	false		missing_in_rust	-
Bool	CONFIG_START_ALL_EXPLORED	server/game/World/World.h:147	PlayerStart.MapsExplored	Bool	server/game/World/World.cpp:1570	false		missing_in_rust	-
Bool	CONFIG_START_ALL_REP	server/game/World/World.h:148	PlayerStart.AllReputation	Bool	server/game/World/World.cpp:1571	false		missing_in_rust	-
Bool	CONFIG_PVP_TOKEN_ENABLE	server/game/World/World.h:149	PvPToken.Enable	Bool	server/game/World/World.cpp:1572	false		missing_in_rust	-
Bool	CONFIG_NO_RESET_TALENT_COST	server/game/World/World.h:150	NoResetTalentsCost	Bool	server/game/World/World.cpp:1579	false		missing_in_rust	-
Bool	CONFIG_SHOW_KICK_IN_WORLD	server/game/World/World.h:151	ShowKickInWorld	Bool	server/game/World/World.cpp:1580	false		missing_in_rust	-
Bool	CONFIG_SHOW_MUTE_IN_WORLD	server/game/World/World.h:152	ShowMuteInWorld	Bool	server/game/World/World.cpp:1581	false		missing_in_rust	-
Bool	CONFIG_SHOW_BAN_IN_WORLD	server/game/World/World.h:153	ShowBanInWorld	Bool	server/game/World/World.cpp:1582	false		missing_in_rust	-
Bool	CONFIG_AUTOBROADCAST	server/game/World/World.h:154	AutoBroadcast.On	Bool	server/game/World/World.cpp:1625	false		missing_in_rust	-
Bool	CONFIG_SUPPORT_ENABLED	server/game/World/World.h:155	Support.Enabled	Bool	server/game/World/World.cpp:584	true		missing_in_rust	-
Bool	CONFIG_SUPPORT_TICKETS_ENABLED	server/game/World/World.h:156	Support.TicketsEnabled	Bool	server/game/World/World.cpp:585	false		missing_in_rust	-
Bool	CONFIG_SUPPORT_BUGS_ENABLED	server/game/World/World.h:157	Support.BugsEnabled	Bool	server/game/World/World.cpp:586	false		missing_in_rust	-
Bool	CONFIG_SUPPORT_COMPLAINTS_ENABLED	server/game/World/World.h:158	Support.ComplaintsEnabled	Bool	server/game/World/World.cpp:587	false		missing_in_rust	-
Bool	CONFIG_SUPPORT_SUGGESTIONS_ENABLED	server/game/World/World.h:159	Support.SuggestionsEnabled	Bool	server/game/World/World.cpp:588	false		missing_in_rust	-
Bool	CONFIG_DBC_ENFORCE_ITEM_ATTRIBUTES	server/game/World/World.h:160	DBC.EnforceItemAttributes	Bool	server/game/World/World.cpp:1605	true		missing_in_rust	-
Bool	CONFIG_PRESERVE_CUSTOM_CHANNELS	server/game/World/World.h:161	PreserveCustomChannels	Bool	server/game/World/World.cpp:794	false		missing_in_rust	-
Bool	CONFIG_PDUMP_NO_PATHS	server/game/World/World.h:162	PlayerDump.DisallowPaths	Bool	server/game/World/World.cpp:1641	true		missing_in_rust	-
Bool	CONFIG_PDUMP_NO_OVERWRITE	server/game/World/World.h:163	PlayerDump.DisallowOverwrite	Bool	server/game/World/World.cpp:1642	true		missing_in_rust	-
Bool	CONFIG_QUEST_IGNORE_AUTO_ACCEPT	server/game/World/World.h:164	Quests.IgnoreAutoAccept	Bool	server/game/World/World.cpp:1266	false		missing_in_rust	-
Bool	CONFIG_QUEST_IGNORE_AUTO_COMPLETE	server/game/World/World.h:165	Quests.IgnoreAutoComplete	Bool	server/game/World/World.cpp:1267	false		missing_in_rust	-
Bool	CONFIG_QUEST_ENABLE_QUEST_TRACKER	server/game/World/World.h:166	Quests.EnableQuestTracker	Bool	server/game/World/World.cpp:1256	false		missing_in_rust	-
Bool	CONFIG_WARDEN_ENABLED	server/game/World/World.h:167	Warden.Enabled	Bool	server/game/World/World.cpp:1587	false		missing_in_rust	-
Bool	CONFIG_ENABLE_MMAPS	server/game/World/World.h:168	mmap.enablePathFinding	Bool	server/game/World/World.cpp:1547	true	load_world_config_values:crates/wow-config/src/lib.rs|mmap_runtime_config_like_cpp:crates/world-server/src/main.rs|MMapRuntimeConfigLikeCpp:crates/wow-world/src/session.rs	rust_runtime_config	-
Bool	CONFIG_WINTERGRASP_ENABLE	server/game/World/World.h:169	Wintergrasp.Enable	Bool	server/game/World/World.cpp:1645	false		missing_in_rust	-
Bool	CONFIG_TOLBARAD_ENABLE	server/game/World/World.h:170	TolBarad.Enable	Bool	server/game/World/World.cpp:1654	true		missing_in_rust	-
Bool	CONFIG_EVENT_ANNOUNCE	server/game/World/World.h:171	Event.Announce	Bool	server/game/World/World.cpp:1247	false		missing_in_rust	-
Bool	CONFIG_STATS_LIMITS_ENABLE	server/game/World/World.h:172	Stats.Limits.Enable	Bool	server/game/World/World.cpp:1664	false		missing_in_rust	-
Bool	CONFIG_INSTANCES_RESET_ANNOUNCE	server/game/World/World.h:173	InstancesResetAnnounce	Bool	server/game/World/World.cpp:1622	false		missing_in_rust	-
Bool	CONFIG_IP_BASED_ACTION_LOGGING	server/game/World/World.h:174	Allow.IP.Based.Action.Logging	Bool	server/game/World/World.cpp:1678	false		missing_in_rust	-
Bool	CONFIG_CALCULATE_CREATURE_ZONE_AREA_DATA	server/game/World/World.h:175	Calculate.Creature.Zone.Area.Data	Bool	server/game/World/World.cpp:1683	false		missing_in_rust	-
Bool	CONFIG_CALCULATE_GAMEOBJECT_ZONE_AREA_DATA	server/game/World/World.h:176	Calculate.Gameoject.Zone.Area.Data	Bool	server/game/World/World.cpp:1684	false		missing_in_rust	-
Bool	CONFIG_FEATURE_SYSTEM_BPAY_STORE_ENABLED	server/game/World/World.h:177	FeatureSystem.BpayStore.Enabled	Bool	server/game/World/World.cpp:1597	false		missing_in_rust	-
Bool	CONFIG_FEATURE_SYSTEM_CHARACTER_UNDELETE_ENABLED	server/game/World/World.h:178	FeatureSystem.CharacterUndelete.Enabled	Bool	server/game/World/World.cpp:1598	false		missing_in_rust	-
Bool	CONFIG_RESET_DUEL_COOLDOWNS	server/game/World/World.h:179	ResetDuelCooldowns	Bool	server/game/World/World.cpp:1568	false		missing_in_rust	-
Bool	CONFIG_RESET_DUEL_HEALTH_MANA	server/game/World/World.h:180	ResetDuelHealthMana	Bool	server/game/World/World.cpp:1569	false		missing_in_rust	-
Bool	CONFIG_BASEMAP_LOAD_GRIDS	server/game/World/World.h:181	BaseMapLoadAllGrids	Bool	server/game/World/World.cpp:798	false		missing_in_rust	-
Bool	CONFIG_INSTANCEMAP_LOAD_GRIDS	server/game/World/World.h:182	InstanceMapLoadAllGrids	Bool	server/game/World/World.cpp:804	false		missing_in_rust	-
Bool	CONFIG_BLACKMARKET_ENABLED	server/game/World/World.h:183	BlackMarket.Enabled	Bool	server/game/World/World.cpp:1687	true		missing_in_rust	-
Bool	CONFIG_HOTSWAP_ENABLED	server/game/World/World.h:184	HotSwap.Enabled	Bool	server/game/World/World.cpp:1693	true		missing_in_rust	-
Bool	CONFIG_HOTSWAP_RECOMPILER_ENABLED	server/game/World/World.h:185	HotSwap.EnableReCompiler	Bool	server/game/World/World.cpp:1694	true		missing_in_rust	-
Bool	CONFIG_HOTSWAP_EARLY_TERMINATION_ENABLED	server/game/World/World.h:186	HotSwap.EnableEarlyTermination	Bool	server/game/World/World.cpp:1695	true		missing_in_rust	-
Bool	CONFIG_HOTSWAP_BUILD_FILE_RECREATION_ENABLED	server/game/World/World.h:187	HotSwap.EnableBuildFileRecreation	Bool	server/game/World/World.cpp:1696	true		missing_in_rust	-
Bool	CONFIG_HOTSWAP_INSTALL_ENABLED	server/game/World/World.h:188	HotSwap.EnableInstall	Bool	server/game/World/World.cpp:1697	true		missing_in_rust	-
Bool	CONFIG_HOTSWAP_PREFIX_CORRECTION_ENABLED	server/game/World/World.h:189	HotSwap.EnablePrefixCorrection	Bool	server/game/World/World.cpp:1698	true		missing_in_rust	-
Bool	CONFIG_PREVENT_RENAME_CUSTOMIZATION	server/game/World/World.h:190	PreventRenameCharacterOnCustomization	Bool	server/game/World/World.cpp:1701	false		missing_in_rust	-
Bool	CONFIG_CACHE_DATA_QUERIES	server/game/World/World.h:191	CacheDataQueries	Bool	server/game/World/World.cpp:1707	true		missing_in_rust	-
Bool	CONFIG_CREATURE_CHECK_INVALID_POSITION	server/game/World/World.h:192	Creature.CheckInvalidPosition	Bool	server/game/World/World.cpp:1710	false		missing_in_rust	-
Bool	CONFIG_GAME_OBJECT_CHECK_INVALID_POSITION	server/game/World/World.h:193	GameObject.CheckInvalidPosition	Bool	server/game/World/World.cpp:1711	false		missing_in_rust	-
Bool	CONFIG_CHECK_GOBJECT_LOS	server/game/World/World.h:194	CheckGameObjectLoS	Bool	server/game/World/World.cpp:1714	true		missing_in_rust	-
Bool	CONFIG_RESPAWN_DYNAMIC_ESCORTNPC	server/game/World/World.h:195	Respawn.DynamicEscortNPC	Bool	server/game/World/World.cpp:1483	false		missing_in_rust	-
Bool	CONFIG_REGEN_HP_CANNOT_REACH_TARGET_IN_RAID	server/game/World/World.h:196	Creature.RegenHPCannotReachTargetInRaid	Bool	server/game/World/World.cpp:891	true		missing_in_rust	-
Bool	CONFIG_ALLOW_LOGGING_IP_ADDRESSES_IN_DATABASE	server/game/World/World.h:197	AllowLoggingIPAddressesInDatabase	Bool	server/game/World/World.cpp:1723	true		missing_in_rust	-
Bool	CONFIG_CHARACTER_CREATING_DISABLE_ALLIED_RACE_ACHIEVEMENT_REQUIREMENT	server/game/World/World.h:198	CharacterCreating.DisableAlliedRaceAchievementRequirement	Bool	server/game/World/World.cpp:975	false		missing_in_rust	-
Bool	CONFIG_BATTLEGROUNDMAP_LOAD_GRIDS	server/game/World/World.h:199	BattlegroundMapLoadAllGrids	Bool	server/game/World/World.cpp:810	true		missing_in_rust	-
Bool	CONFIG_ENABLE_AE_LOOT	server/game/World/World.h:200	EnableAELoot	Bool	server/game/World/World.cpp:1520	false	crates/world-server/src/main.rs; crates/wow-world/src/session.rs; crates/wow-world/src/handlers/loot.rs	represented_rust	#NEXT.R8.ENTITIES.217 wires the config key to represented CMSG_LOOT_UNIT AE target fanout; canonical grid/ObjectAccessor/shared loot parity remains pending
Float	CONFIG_GROUP_XP_DISTANCE	server/game/World/World.h:206	MaxGroupXPDistance	Float	server/game/World/World.cpp:864	74.0f		missing_in_rust	-
Float	CONFIG_MAX_RECRUIT_A_FRIEND_DISTANCE	server/game/World/World.h:207	MaxRecruitAFriendBonusDistance	Float	server/game/World/World.cpp:865	100.0f		missing_in_rust	-
Float	CONFIG_SIGHT_MONSTER	server/game/World/World.h:208	MonsterSight	Float	server/game/World/World.cpp:889	50.0f		missing_in_rust	-
Float	CONFIG_LISTEN_RANGE_SAY	server/game/World/World.h:209	ListenRange.Say	Float	server/game/World/World.cpp:1323	25.0f		missing_in_rust	-
Float	CONFIG_LISTEN_RANGE_TEXTEMOTE	server/game/World/World.h:210	ListenRange.TextEmote	Float	server/game/World/World.cpp:1324	25.0f		missing_in_rust	-
Float	CONFIG_LISTEN_RANGE_YELL	server/game/World/World.h:211	ListenRange.Yell	Float	server/game/World/World.cpp:1325	300.0f		missing_in_rust	-
Float	CONFIG_CREATURE_FAMILY_FLEE_ASSISTANCE_RADIUS	server/game/World/World.h:212	CreatureFamilyFleeAssistanceRadius	Float	server/game/World/World.cpp:1249	30.0f		missing_in_rust	-
Float	CONFIG_CREATURE_FAMILY_ASSISTANCE_RADIUS	server/game/World/World.h:213	CreatureFamilyAssistanceRadius	Float	server/game/World/World.cpp:1250	10.0f		missing_in_rust	-
Float	CONFIG_THREAT_RADIUS	server/game/World/World.h:214	ThreatRadius	Float	server/game/World/World.cpp:1314	60.0f		missing_in_rust	-
Float	CONFIG_STATS_LIMITS_DODGE	server/game/World/World.h:215	Stats.Limits.Dodge	Float	server/game/World/World.cpp:1665	95.0f		missing_in_rust	-
Float	CONFIG_STATS_LIMITS_PARRY	server/game/World/World.h:216	Stats.Limits.Parry	Float	server/game/World/World.cpp:1666	95.0f		missing_in_rust	-
Float	CONFIG_STATS_LIMITS_BLOCK	server/game/World/World.h:217	Stats.Limits.Block	Float	server/game/World/World.cpp:1667	95.0f		missing_in_rust	-
Float	CONFIG_STATS_LIMITS_CRIT	server/game/World/World.h:218	Stats.Limits.Crit	Float	server/game/World/World.cpp:1668	95.0f		missing_in_rust	-
Float	CONFIG_ARENA_WIN_RATING_MODIFIER_1	server/game/World/World.h:219	Arena.ArenaWinRatingModifier1	Float	server/game/World/World.cpp:1356	48.0f		missing_in_rust	-
Float	CONFIG_ARENA_WIN_RATING_MODIFIER_2	server/game/World/World.h:220	Arena.ArenaWinRatingModifier2	Float	server/game/World/World.cpp:1357	24.0f		missing_in_rust	-
Float	CONFIG_ARENA_LOSE_RATING_MODIFIER	server/game/World/World.h:221	Arena.ArenaLoseRatingModifier	Float	server/game/World/World.cpp:1358	24.0f		missing_in_rust	-
Float	CONFIG_ARENA_MATCHMAKER_RATING_MODIFIER	server/game/World/World.h:222	Arena.ArenaMatchmakerRatingModifier	Float	server/game/World/World.cpp:1359	24.0f		missing_in_rust	-
Float	CONFIG_RESPAWN_DYNAMICRATE_CREATURE	server/game/World/World.h:223	Respawn.DynamicRateCreature	Float	server/game/World/World.cpp:1502	10.0f		missing_in_rust	-
Float	CONFIG_RESPAWN_DYNAMICRATE_GAMEOBJECT	server/game/World/World.h:224	Respawn.DynamicRateGameObject	Float	server/game/World/World.cpp:1509	10.0f		missing_in_rust	-
Float	CONFIG_CALL_TO_ARMS_5_PCT	server/game/World/World.h:225	Pvp.FactionBalance.Pct5	Float	server/game/World/World.cpp:1718	0.6f		missing_in_rust	-
Float	CONFIG_CALL_TO_ARMS_10_PCT	server/game/World/World.h:226	Pvp.FactionBalance.Pct10	Float	server/game/World/World.cpp:1719	0.7f		missing_in_rust	-
Float	CONFIG_CALL_TO_ARMS_20_PCT	server/game/World/World.h:227	Pvp.FactionBalance.Pct20	Float	server/game/World/World.cpp:1720	0.8f		missing_in_rust	-
Float	RATE_DROP_ITEM_POOR	server/game/World/World.h:473	Rate.Drop.Item.Poor	Float	server/game/World/World.cpp:636	1.0f	crates/world-server/src/main.rs; crates/wow-world/src/handlers/spell.rs	implemented	Used by C++ LootStoreItem::Roll quality modifier.
Float	RATE_DROP_ITEM_NORMAL	server/game/World/World.h:474	Rate.Drop.Item.Normal	Float	server/game/World/World.cpp:637	1.0f	crates/world-server/src/main.rs; crates/wow-world/src/handlers/spell.rs	implemented	Used by C++ LootStoreItem::Roll quality modifier.
Float	RATE_DROP_ITEM_UNCOMMON	server/game/World/World.h:475	Rate.Drop.Item.Uncommon	Float	server/game/World/World.cpp:638	1.0f	crates/world-server/src/main.rs; crates/wow-world/src/handlers/spell.rs	implemented	Used by C++ LootStoreItem::Roll quality modifier.
Float	RATE_DROP_ITEM_RARE	server/game/World/World.h:476	Rate.Drop.Item.Rare	Float	server/game/World/World.cpp:639	1.0f	crates/world-server/src/main.rs; crates/wow-world/src/handlers/spell.rs	implemented	Used by C++ LootStoreItem::Roll quality modifier.
Float	RATE_DROP_ITEM_EPIC	server/game/World/World.h:477	Rate.Drop.Item.Epic	Float	server/game/World/World.cpp:640	1.0f	crates/world-server/src/main.rs; crates/wow-world/src/handlers/spell.rs	implemented	Used by C++ LootStoreItem::Roll quality modifier.
Float	RATE_DROP_ITEM_LEGENDARY	server/game/World/World.h:478	Rate.Drop.Item.Legendary	Float	server/game/World/World.cpp:641	1.0f	crates/world-server/src/main.rs; crates/wow-world/src/handlers/spell.rs	implemented	Used by C++ LootStoreItem::Roll quality modifier.
Float	RATE_DROP_ITEM_ARTIFACT	server/game/World/World.h:479	Rate.Drop.Item.Artifact	Float	server/game/World/World.cpp:642	1.0f	crates/world-server/src/main.rs; crates/wow-world/src/handlers/spell.rs	implemented	Used by C++ LootStoreItem::Roll quality modifier.
Float	RATE_DROP_ITEM_REFERENCED	server/game/World/World.h:480	Rate.Drop.Item.Referenced	Float	server/game/World/World.cpp:643	1.0f	crates/world-server/src/main.rs; crates/wow-world/src/handlers/spell.rs	implemented	Used by C++ LootStoreItem::Roll for reference rows.
Float	RATE_DROP_ITEM_REFERENCED_AMOUNT	server/game/World/World.h:481	Rate.Drop.Item.ReferencedAmount	Float	server/game/World/World.cpp:644	1.0f	crates/world-server/src/main.rs; crates/wow-world/src/handlers/spell.rs	implemented	Used by C++ LootTemplate::Process reference maxcount.
Float	RATE_DROP_MONEY	server/game/World/World.h:482	Rate.Drop.Money	Float	server/game/World/World.cpp:645	1.0f	crates/world-server/src/main.rs; crates/wow-world/src/handlers/spell.rs	implemented	Used by C++ Loot::generateMoneyLoot.
Int	CONFIG_COMPRESSION	server/game/World/World.h:233	Compression	Int	server/game/World/World.cpp:763	1		missing_in_rust	-
Int	CONFIG_INTERVAL_SAVE	server/game/World/World.h:234	PlayerSaveInterval	Int	server/game/World/World.cpp:811	15 * MINUTE * IN_MILLISECONDS		missing_in_rust	-
Int	CONFIG_INTERVAL_GRIDCLEAN	server/game/World/World.h:235	GridCleanUpDelay	Int	server/game/World/World.cpp:822	5 * MINUTE * IN_MILLISECONDS		missing_in_rust	-
Int	CONFIG_INTERVAL_MAPUPDATE	server/game/World/World.h:236	MapUpdateInterval	Int	server/game/World/World.cpp:831	10		missing_in_rust	-
Int	CONFIG_INTERVAL_CHANGEWEATHER	server/game/World/World.h:237	ChangeWeatherInterval	Int	server/game/World/World.cpp:840	10 * MINUTE * IN_MILLISECONDS		missing_in_rust	-
Int	CONFIG_INTERVAL_DISCONNECT_TOLERANCE	server/game/World/World.h:238	DisconnectToleranceInterval	Int	server/game/World/World.cpp:812	0		missing_in_rust	-
Int	CONFIG_PORT_WORLD	server/game/World/World.h:239	WorldServerPort	Int	server/game/World/World.cpp:854	8085	get_value:crates/world-server/src/main.rs:458	rust_exact_key	-
Int	CONFIG_PORT_INSTANCE	server/game/World/World.h:240	InstanceServerPort	Int	server/game/World/World.cpp:855	8086	get_value:crates/world-server/src/main.rs:459	rust_exact_key	-
Int	CONFIG_SOCKET_TIMEOUTTIME	server/game/World/World.h:241	SocketTimeOutTime	Int	server/game/World/World.cpp:859	900000		missing_in_rust	-
Int	CONFIG_SESSION_ADD_DELAY	server/game/World/World.h:242	SessionAddDelay	Int	server/game/World/World.cpp:862	10000		missing_in_rust	-
Int	CONFIG_GAME_TYPE	server/game/World/World.h:243	GameType	Int	server/game/World/World.cpp:900	0		missing_in_rust	-
Int	CONFIG_REALM_ZONE	server/game/World/World.h:244	RealmZone	Int	server/game/World/World.cpp:909	HARDCODED_DEVELOPMENT_REALM_CATEGORY_ID		missing_in_rust	-
Int	CONFIG_STRICT_PLAYER_NAMES	server/game/World/World.h:245	StrictPlayerNames	Int	server/game/World/World.cpp:917	0		missing_in_rust	-
Int	CONFIG_STRICT_CHARTER_NAMES	server/game/World/World.h:246	StrictCharterNames	Int	server/game/World/World.cpp:918	0		missing_in_rust	-
Int	CONFIG_STRICT_PET_NAMES	server/game/World/World.h:247	StrictPetNames	Int	server/game/World/World.cpp:919	0		missing_in_rust	-
Int	CONFIG_MIN_PLAYER_NAME	server/game/World/World.h:248	MinPlayerName	Int	server/game/World/World.cpp:921	2		missing_in_rust	-
Int	CONFIG_MIN_CHARTER_NAME	server/game/World/World.h:249	MinCharterName	Int	server/game/World/World.cpp:928	2		missing_in_rust	-
Int	CONFIG_MIN_PET_NAME	server/game/World/World.h:250	MinPetName	Int	server/game/World/World.cpp:935	2		missing_in_rust	-
Int	CONFIG_CHARACTER_CREATING_DISABLED	server/game/World/World.h:251	CharacterCreating.Disabled	Int	server/game/World/World.cpp:947	0		missing_in_rust	-
Int	CONFIG_CHARACTER_CREATING_DISABLED_CLASSMASK	server/game/World/World.h:252	CharacterCreating.Disabled.ClassMask	Int	server/game/World/World.cpp:949	0		missing_in_rust	-
Int	CONFIG_CHARACTERS_PER_ACCOUNT	server/game/World/World.h:253	CharactersPerAccount	Int	server/game/World/World.cpp:959	60		missing_in_rust	-
Int	CONFIG_CHARACTERS_PER_REALM	server/game/World/World.h:254	CharactersPerRealm	Int	server/game/World/World.cpp:951	60		missing_in_rust	-
Int	CONFIG_CHARACTER_CREATING_EVOKERS_PER_REALM	server/game/World/World.h:255	CharacterCreating.EvokersPerRealm	Int	server/game/World/World.cpp:966	1		missing_in_rust	-
Int	CONFIG_CHARACTER_CREATING_MIN_LEVEL_FOR_DEMON_HUNTER	server/game/World/World.h:256	CharacterCreating.MinLevelForDemonHunter	Int	server/game/World/World.cpp:973	0		missing_in_rust	-
Int	CONFIG_CHARACTER_CREATING_MIN_LEVEL_FOR_EVOKER	server/game/World/World.h:257	CharacterCreating.MinLevelForEvoker	Int	server/game/World/World.cpp:974	50		missing_in_rust	-
Int	CONFIG_SKIP_CINEMATICS	server/game/World/World.h:258	SkipCinematics	Int	server/game/World/World.cpp:977	0		missing_in_rust	-
Int	CONFIG_MAX_PLAYER_LEVEL	server/game/World/World.h:259	MaxPlayerLevel	Int	server/game/World/World.cpp:991	DEFAULT_MAX_LEVEL		missing_in_rust	-
Int	CONFIG_MIN_DUALSPEC_LEVEL	server/game/World/World.h:260	MinDualSpecLevel	Int	server/game/World/World.cpp:999	40		missing_in_rust	-
Int	CONFIG_START_PLAYER_LEVEL	server/game/World/World.h:261	StartPlayerLevel	Int	server/game/World/World.cpp:1001	1		missing_in_rust	-
Int	CONFIG_START_DEATH_KNIGHT_PLAYER_LEVEL	server/game/World/World.h:262	StartDeathKnightPlayerLevel	Int	server/game/World/World.cpp:1013	55		missing_in_rust	-
Int	CONFIG_START_DEMON_HUNTER_PLAYER_LEVEL	server/game/World/World.h:263	StartDemonHunterPlayerLevel	Int	server/game/World/World.cpp:1027	8		missing_in_rust	-
Int	CONFIG_START_EVOKER_PLAYER_LEVEL	server/game/World/World.h:264	StartEvokerPlayerLevel	Int	server/game/World/World.cpp:1041	58		missing_in_rust	-
Int	CONFIG_START_ALLIED_RACE_LEVEL	server/game/World/World.h:265	StartAlliedRacePlayerLevel	Int	server/game/World/World.cpp:1055	10		missing_in_rust	-
Int	CONFIG_START_PLAYER_MONEY	server/game/World/World.h:266	StartPlayerMoney	Int	server/game/World/World.cpp:1069	0		missing_in_rust	-
Int	CONFIG_CURRENCY_START_APEXIS_CRYSTALS	server/game/World/World.h:267						enum_without_literal_load	No se detecto asignacion literal sConfigMgr para este enum; revisar inicializacion C++ manualmente
Int	CONFIG_CURRENCY_MAX_APEXIS_CRYSTALS	server/game/World/World.h:268						enum_without_literal_load	No se detecto asignacion literal sConfigMgr para este enum; revisar inicializacion C++ manualmente
Int	CONFIG_CURRENCY_START_JUSTICE_POINTS	server/game/World/World.h:269						enum_without_literal_load	No se detecto asignacion literal sConfigMgr para este enum; revisar inicializacion C++ manualmente
Int	CONFIG_CURRENCY_MAX_JUSTICE_POINTS	server/game/World/World.h:270						enum_without_literal_load	No se detecto asignacion literal sConfigMgr para este enum; revisar inicializacion C++ manualmente
Int	CONFIG_CURRENCY_RESET_HOUR	server/game/World/World.h:271	Currency.ResetHour	Int	server/game/World/World.cpp:1082	3		missing_in_rust	-
Int	CONFIG_CURRENCY_RESET_DAY	server/game/World/World.h:272	Currency.ResetDay	Int	server/game/World/World.cpp:1088	3		missing_in_rust	-
Int	CONFIG_CURRENCY_RESET_INTERVAL	server/game/World/World.h:273	Currency.ResetInterval	Int	server/game/World/World.cpp:1094	7		missing_in_rust	-
Int	CONFIG_MAX_RECRUIT_A_FRIEND_BONUS_PLAYER_LEVEL	server/game/World/World.h:274	RecruitAFriend.MaxLevel	Int	server/game/World/World.cpp:1101	85		missing_in_rust	-
Int	CONFIG_MAX_RECRUIT_A_FRIEND_BONUS_PLAYER_LEVEL_DIFFERENCE	server/game/World/World.h:275	RecruitAFriend.MaxDifference	Int	server/game/World/World.cpp:1109	4		missing_in_rust	-
Int	CONFIG_RESET_SCHEDULE_WEEK_DAY	server/game/World/World.h:276	ResetSchedule.WeekDay	Int	server/game/World/World.cpp:1117	2		missing_in_rust	-
Int	CONFIG_RESET_SCHEDULE_HOUR	server/game/World/World.h:277	ResetSchedule.Hour	Int	server/game/World/World.cpp:1118	8		missing_in_rust	-
Int	CONFIG_INSTANCE_UNLOAD_DELAY	server/game/World/World.h:278	Instance.UnloadDelay	Int	server/game/World/World.cpp:1119	30 * MINUTE * IN_MILLISECONDS		missing_in_rust	-
Int	CONFIG_DAILY_QUEST_RESET_TIME_HOUR	server/game/World/World.h:279	Quests.DailyResetTime	Int	server/game/World/World.cpp:1121	3		missing_in_rust	-
Int	CONFIG_WEEKLY_QUEST_RESET_TIME_WDAY	server/game/World/World.h:280	Quests.WeeklyResetWDay	Int	server/game/World/World.cpp:1128	3		missing_in_rust	-
Int	CONFIG_MAX_PRIMARY_TRADE_SKILL	server/game/World/World.h:281	MaxPrimaryTradeSkill	Int	server/game/World/World.cpp:1135	2		missing_in_rust	-
Int	CONFIG_MIN_PETITION_SIGNS	server/game/World/World.h:282	MinPetitionSigns	Int	server/game/World/World.cpp:1136	4		missing_in_rust	-
Int	CONFIG_MIN_QUEST_SCALED_XP_RATIO	server/game/World/World.h:283	MinQuestScaledXPRatio	Int	server/game/World/World.cpp:867	0		missing_in_rust	-
Int	CONFIG_MIN_CREATURE_SCALED_XP_RATIO	server/game/World/World.h:284	MinCreatureScaledXPRatio	Int	server/game/World/World.cpp:874	0		missing_in_rust	-
Int	CONFIG_MIN_DISCOVERED_SCALED_XP_RATIO	server/game/World/World.h:285	MinDiscoveredScaledXPRatio	Int	server/game/World/World.cpp:881	0		missing_in_rust	-
Int	CONFIG_GM_LOGIN_STATE	server/game/World/World.h:286	GM.LoginState	Int	server/game/World/World.cpp:1143	2		missing_in_rust	-
Int	CONFIG_GM_VISIBLE_STATE	server/game/World/World.h:287	GM.Visible	Int	server/game/World/World.cpp:1144	2		missing_in_rust	-
Int	CONFIG_GM_CHAT	server/game/World/World.h:288	GM.Chat	Int	server/game/World/World.cpp:1145	2		missing_in_rust	-
Int	CONFIG_GM_WHISPERING_TO	server/game/World/World.h:289	GM.WhisperingTo	Int	server/game/World/World.cpp:1146	2		missing_in_rust	-
Int	CONFIG_GM_FREEZE_DURATION	server/game/World/World.h:290	GM.FreezeAuraDuration	Int	server/game/World/World.cpp:1147	0		missing_in_rust	-
Int	CONFIG_GM_LEVEL_IN_GM_LIST	server/game/World/World.h:291	GM.InGMList.Level	Int	server/game/World/World.cpp:1149	SEC_ADMINISTRATOR		missing_in_rust	-
Int	CONFIG_GM_LEVEL_IN_WHO_LIST	server/game/World/World.h:292	GM.InWhoList.Level	Int	server/game/World/World.cpp:1150	SEC_ADMINISTRATOR		missing_in_rust	-
Int	CONFIG_START_GM_LEVEL	server/game/World/World.h:293	GM.StartLevel	Int	server/game/World/World.cpp:1151	1		missing_in_rust	-
Int	CONFIG_FORCE_SHUTDOWN_THRESHOLD	server/game/World/World.h:294	GM.ForceShutdownThreshold	Int	server/game/World/World.cpp:1165	30		missing_in_rust	-
Int	CONFIG_GROUP_VISIBILITY	server/game/World/World.h:295	Visibility.GroupMode	Int	server/game/World/World.cpp:1167	1		missing_in_rust	-
Int	CONFIG_MAIL_DELIVERY_DELAY	server/game/World/World.h:296	MailDeliveryDelay	Int	server/game/World/World.cpp:1169	HOUR		missing_in_rust	-
Int	CONFIG_CLEAN_OLD_MAIL_TIME	server/game/World/World.h:297	CleanOldMailTime	Int	server/game/World/World.cpp:1170	4		missing_in_rust	-
Int	CONFIG_UPTIME_UPDATE	server/game/World/World.h:298	UpdateUptimeInterval	Int	server/game/World/World.cpp:1177	10		missing_in_rust	-
Int	CONFIG_SKILL_CHANCE_ORANGE	server/game/World/World.h:299	SkillChance.Orange	Int	server/game/World/World.cpp:1205	100		missing_in_rust	-
Int	CONFIG_SKILL_CHANCE_YELLOW	server/game/World/World.h:300	SkillChance.Yellow	Int	server/game/World/World.cpp:1206	75		missing_in_rust	-
Int	CONFIG_SKILL_CHANCE_GREEN	server/game/World/World.h:301	SkillChance.Green	Int	server/game/World/World.cpp:1207	25		missing_in_rust	-
Int	CONFIG_SKILL_CHANCE_GREY	server/game/World/World.h:302	SkillChance.Grey	Int	server/game/World/World.cpp:1208	0		missing_in_rust	-
Int	CONFIG_SKILL_CHANCE_MINING_STEPS	server/game/World/World.h:303	SkillChance.MiningSteps	Int	server/game/World/World.cpp:1210	75		missing_in_rust	-
Int	CONFIG_SKILL_CHANCE_SKINNING_STEPS	server/game/World/World.h:304	SkillChance.SkinningSteps	Int	server/game/World/World.cpp:1211	75		missing_in_rust	-
Int	CONFIG_SKILL_GAIN_CRAFTING	server/game/World/World.h:305	SkillGain.Crafting	Int	server/game/World/World.cpp:1216	1		missing_in_rust	-
Int	CONFIG_SKILL_GAIN_GATHERING	server/game/World/World.h:306	SkillGain.Gathering	Int	server/game/World/World.cpp:1218	1		missing_in_rust	-
Int	CONFIG_MAX_OVERSPEED_PINGS	server/game/World/World.h:307	MaxOverspeedPings	Int	server/game/World/World.cpp:1220	2		missing_in_rust	-
Int	CONFIG_EXPANSION	server/game/World/World.h:308	Expansion	Int	server/game/World/World.cpp:1239	CURRENT_EXPANSION		missing_in_rust	-
Int	CONFIG_CHATFLOOD_MESSAGE_COUNT	server/game/World/World.h:309	ChatFlood.MessageCount	Int	server/game/World/World.cpp:1241	10		missing_in_rust	-
Int	CONFIG_CHATFLOOD_MESSAGE_DELAY	server/game/World/World.h:310	ChatFlood.MessageDelay	Int	server/game/World/World.cpp:1242	1		missing_in_rust	-
Int	CONFIG_CHATFLOOD_ADDON_MESSAGE_COUNT	server/game/World/World.h:311	ChatFlood.AddonMessageCount	Int	server/game/World/World.cpp:1243	100		missing_in_rust	-
Int	CONFIG_CHATFLOOD_ADDON_MESSAGE_DELAY	server/game/World/World.h:312	ChatFlood.AddonMessageDelay	Int	server/game/World/World.cpp:1244	1		missing_in_rust	-
Int	CONFIG_CHATFLOOD_MUTE_TIME	server/game/World/World.h:313	ChatFlood.MuteTime	Int	server/game/World/World.cpp:1245	10		missing_in_rust	-
Int	CONFIG_CREATURE_FAMILY_ASSISTANCE_DELAY	server/game/World/World.h:314	CreatureFamilyAssistanceDelay	Int	server/game/World/World.cpp:1251	1500		missing_in_rust	-
Int	CONFIG_CREATURE_FAMILY_FLEE_DELAY	server/game/World/World.h:315	CreatureFamilyFleeDelay	Int	server/game/World/World.cpp:1252	7000		missing_in_rust	-
Int	CONFIG_WORLD_BOSS_LEVEL_DIFF	server/game/World/World.h:316	WorldBossLevelDiff	Int	server/game/World/World.cpp:1254	3		missing_in_rust	-
Int	CONFIG_QUEST_LOW_LEVEL_HIDE_DIFF	server/game/World/World.h:317	Quests.LowLevelHideDiff	Int	server/game/World/World.cpp:1259	4		missing_in_rust	-
Int	CONFIG_QUEST_HIGH_LEVEL_HIDE_DIFF	server/game/World/World.h:318	Quests.HighLevelHideDiff	Int	server/game/World/World.cpp:1262	7		missing_in_rust	-
Int	CONFIG_CHAT_STRICT_LINK_CHECKING_SEVERITY	server/game/World/World.h:319	ChatStrictLinkChecking.Severity	Int	server/game/World/World.cpp:1295	0		missing_in_rust	-
Int	CONFIG_CHAT_STRICT_LINK_CHECKING_KICK	server/game/World/World.h:320	ChatStrictLinkChecking.Kick	Int	server/game/World/World.cpp:1296	0		missing_in_rust	-
Int	CONFIG_CHAT_CHANNEL_LEVEL_REQ	server/game/World/World.h:321	ChatLevelReq.Channel	Int	server/game/World/World.cpp:785	1		missing_in_rust	-
Int	CONFIG_CHAT_WHISPER_LEVEL_REQ	server/game/World/World.h:322	ChatLevelReq.Whisper	Int	server/game/World/World.cpp:786	1		missing_in_rust	-
Int	CONFIG_CHAT_EMOTE_LEVEL_REQ	server/game/World/World.h:323	ChatLevelReq.Emote	Int	server/game/World/World.cpp:787	1		missing_in_rust	-
Int	CONFIG_CHAT_SAY_LEVEL_REQ	server/game/World/World.h:324	ChatLevelReq.Say	Int	server/game/World/World.cpp:788	1		missing_in_rust	-
Int	CONFIG_CHAT_YELL_LEVEL_REQ	server/game/World/World.h:325	ChatLevelReq.Yell	Int	server/game/World/World.cpp:789	1		missing_in_rust	-
Int	CONFIG_PARTY_LEVEL_REQ	server/game/World/World.h:326	PartyLevelReq	Int	server/game/World/World.cpp:790	1		missing_in_rust	-
Int	CONFIG_TRADE_LEVEL_REQ	server/game/World/World.h:327	LevelReq.Trade	Int	server/game/World/World.cpp:791	1		missing_in_rust	-
Int	CONFIG_AUCTION_LEVEL_REQ	server/game/World/World.h:328	LevelReq.Auction	Int	server/game/World/World.cpp:792	1		missing_in_rust	-
Int	CONFIG_MAIL_LEVEL_REQ	server/game/World/World.h:329	LevelReq.Mail	Int	server/game/World/World.cpp:793	1		missing_in_rust	-
Int	CONFIG_CORPSE_DECAY_NORMAL	server/game/World/World.h:330	Corpse.Decay.Normal	Int	server/game/World/World.cpp:1298	60		missing_in_rust	-
Int	CONFIG_CORPSE_DECAY_ELITE	server/game/World/World.h:331	Corpse.Decay.Elite	Int	server/game/World/World.cpp:1299	300		missing_in_rust	-
Int	CONFIG_CORPSE_DECAY_RAREELITE	server/game/World/World.h:332	Corpse.Decay.RareElite	Int	server/game/World/World.cpp:1300	300		missing_in_rust	-
Int	CONFIG_CORPSE_DECAY_OBSOLETE	server/game/World/World.h:333	Corpse.Decay.Obsolete	Int	server/game/World/World.cpp:1301	3600		missing_in_rust	-
Int	CONFIG_CORPSE_DECAY_RARE	server/game/World/World.h:334	Corpse.Decay.Rare	Int	server/game/World/World.cpp:1302	300		missing_in_rust	-
Int	CONFIG_CORPSE_DECAY_TRIVIAL	server/game/World/World.h:335	Corpse.Decay.Trivial	Int	server/game/World/World.cpp:1303	300		missing_in_rust	-
Int	CONFIG_CORPSE_DECAY_MINUSMOB	server/game/World/World.h:336	Corpse.Decay.MinusMob	Int	server/game/World/World.cpp:1304	150		missing_in_rust	-
Int	CONFIG_DEATH_SICKNESS_LEVEL	server/game/World/World.h:337	Death.SicknessLevel	Int	server/game/World/World.cpp:1306	11		missing_in_rust	-
Int	CONFIG_INSTANT_LOGOUT	server/game/World/World.h:338						enum_without_literal_load	No se detecto asignacion literal sConfigMgr para este enum; revisar inicializacion C++ manualmente
Int	CONFIG_DISABLE_BREATHING	server/game/World/World.h:339	DisableWaterBreath	Int	server/game/World/World.cpp:1230	SEC_CONSOLE		missing_in_rust	-
Int	CONFIG_BATTLEGROUND_INVITATION_TYPE	server/game/World/World.h:340	Battleground.InvitationType	Int	server/game/World/World.cpp:1342	0		missing_in_rust	-
Int	CONFIG_BATTLEGROUND_PREMATURE_FINISH_TIMER	server/game/World/World.h:341	Battleground.PrematureFinishTimer	Int	server/game/World/World.cpp:1343	5 * MINUTE * IN_MILLISECONDS		missing_in_rust	-
Int	CONFIG_BATTLEGROUND_PREMADE_GROUP_WAIT_FOR_MATCH	server/game/World/World.h:342	Battleground.PremadeGroupWaitForMatch	Int	server/game/World/World.cpp:1344	30 * MINUTE * IN_MILLISECONDS		missing_in_rust	-
Int	CONFIG_BATTLEGROUND_REPORT_AFK	server/game/World/World.h:343	Battleground.ReportAFK	Int	server/game/World/World.cpp:1331	3		missing_in_rust	-
Int	CONFIG_ARENA_MAX_RATING_DIFFERENCE	server/game/World/World.h:344	Arena.MaxRatingDifference	Int	server/game/World/World.cpp:1346	150		missing_in_rust	-
Int	CONFIG_ARENA_RATING_DISCARD_TIMER	server/game/World/World.h:345	Arena.RatingDiscardTimer	Int	server/game/World/World.cpp:1347	10 * MINUTE * IN_MILLISECONDS		missing_in_rust	-
Int	CONFIG_ARENA_RATED_UPDATE_TIMER	server/game/World/World.h:346	Arena.RatedUpdateTimer	Int	server/game/World/World.cpp:1348	5 * IN_MILLISECONDS		missing_in_rust	-
Int	CONFIG_ARENA_SEASON_ID	server/game/World/World.h:347	Arena.ArenaSeason.ID	Int	server/game/World/World.cpp:1350	32		missing_in_rust	-
Int	CONFIG_ARENA_START_RATING	server/game/World/World.h:348	Arena.ArenaStartRating	Int	server/game/World/World.cpp:1351	0		missing_in_rust	-
Int	CONFIG_ARENA_START_PERSONAL_RATING	server/game/World/World.h:349	Arena.ArenaStartPersonalRating	Int	server/game/World/World.cpp:1352	1000		missing_in_rust	-
Int	CONFIG_ARENA_START_MATCHMAKER_RATING	server/game/World/World.h:350	Arena.ArenaStartMatchmakerRating	Int	server/game/World/World.cpp:1353	1500		missing_in_rust	-
Int	CONFIG_MAX_WHO	server/game/World/World.h:351	MaxWhoListReturns	Int	server/game/World/World.cpp:1563	49		missing_in_rust	-
Int	CONFIG_HONOR_AFTER_DUEL	server/game/World/World.h:352	HonorPointsAfterDuel	Int	server/game/World/World.cpp:1567	0		missing_in_rust	-
Int	CONFIG_PVP_TOKEN_MAP_TYPE	server/game/World/World.h:353	PvPToken.MapAllowType	Int	server/game/World/World.cpp:1573	4		missing_in_rust	-
Int	CONFIG_PVP_TOKEN_ID	server/game/World/World.h:354	PvPToken.ItemID	Int	server/game/World/World.cpp:1574	29434		missing_in_rust	-
Int	CONFIG_PVP_TOKEN_COUNT	server/game/World/World.h:355	PvPToken.ItemCount	Int	server/game/World/World.cpp:1575	1		missing_in_rust	-
Int	CONFIG_ENABLE_SINFO_LOGIN	server/game/World/World.h:356	Server.LoginInfo	Int	server/game/World/World.cpp:602	0		missing_in_rust	-
Int	CONFIG_PLAYER_ALLOW_COMMANDS	server/game/World/World.h:357						enum_without_literal_load	No se detecto asignacion literal sConfigMgr para este enum; revisar inicializacion C++ manualmente
Int	CONFIG_NUMTHREADS	server/game/World/World.h:358	MapUpdate.Threads	Int	server/game/World/World.cpp:1583	1		missing_in_rust	-
Int	CONFIG_LOGDB_CLEARINTERVAL	server/game/World/World.h:359	LogDB.Opt.ClearInterval	Int	server/game/World/World.cpp:1190	10		missing_in_rust	-
Int	CONFIG_LOGDB_CLEARTIME	server/game/World/World.h:360	LogDB.Opt.ClearTime	Int	server/game/World/World.cpp:1201	1209600		missing_in_rust	-
Int	CONFIG_CLIENTCACHE_VERSION	server/game/World/World.h:361						enum_without_literal_load	No se detecto asignacion literal sConfigMgr para este enum; revisar inicializacion C++ manualmente
Int	CONFIG_GUILD_NEWS_LOG_COUNT	server/game/World/World.h:362	Guild.NewsLogRecordsCount	Int	server/game/World/World.cpp:1382	GUILD_NEWSLOG_MAX_RECORDS		missing_in_rust	-
Int	CONFIG_GUILD_EVENT_LOG_COUNT	server/game/World/World.h:363	Guild.EventLogRecordsCount	Int	server/game/World/World.cpp:1385	GUILD_EVENTLOG_MAX_RECORDS		missing_in_rust	-
Int	CONFIG_GUILD_BANK_EVENT_LOG_COUNT	server/game/World/World.h:364	Guild.BankEventLogRecordsCount	Int	server/game/World/World.cpp:1388	GUILD_BANKLOG_MAX_RECORDS		missing_in_rust	-
Int	CONFIG_MIN_LEVEL_STAT_SAVE	server/game/World/World.h:365	PlayerSave.Stats.MinLevel	Int	server/game/World/World.cpp:815	0		missing_in_rust	-
Int	CONFIG_RANDOM_BG_RESET_HOUR	server/game/World/World.h:366	Battleground.Random.ResetHour	Int	server/game/World/World.cpp:1269	6		missing_in_rust	-
Int	CONFIG_CALENDAR_DELETE_OLD_EVENTS_HOUR	server/game/World/World.h:367	Calendar.DeleteOldEventsHour	Int	server/game/World/World.cpp:1276	6		missing_in_rust	-
Int	CONFIG_GUILD_RESET_HOUR	server/game/World/World.h:368	Guild.ResetHour	Int	server/game/World/World.cpp:1283	6		missing_in_rust	-
Int	CONFIG_CHARDELETE_KEEP_DAYS	server/game/World/World.h:369	CharDelete.KeepDays	Int	server/game/World/World.cpp:1454	30		missing_in_rust	-
Int	CONFIG_CHARDELETE_METHOD	server/game/World/World.h:370	CharDelete.Method	Int	server/game/World/World.cpp:1450	0		missing_in_rust	-
Int	CONFIG_CHARDELETE_MIN_LEVEL	server/game/World/World.h:371	CharDelete.MinLevel	Int	server/game/World/World.cpp:1451	0		missing_in_rust	-
Int	CONFIG_CHARDELETE_DEATH_KNIGHT_MIN_LEVEL	server/game/World/World.h:372	CharDelete.DeathKnight.MinLevel	Int	server/game/World/World.cpp:1452	0		missing_in_rust	-
Int	CONFIG_CHARDELETE_DEMON_HUNTER_MIN_LEVEL	server/game/World/World.h:373	CharDelete.DemonHunter.MinLevel	Int	server/game/World/World.cpp:1453	0		missing_in_rust	-
Int	CONFIG_AUTOBROADCAST_CENTER	server/game/World/World.h:374	AutoBroadcast.Center	Int	server/game/World/World.cpp:1626	0		missing_in_rust	-
Int	CONFIG_AUTOBROADCAST_INTERVAL	server/game/World/World.h:375	AutoBroadcast.Timer	Int	server/game/World/World.cpp:1627	60000		missing_in_rust	-
Int	CONFIG_MAX_RESULTS_LOOKUP_COMMANDS	server/game/World/World.h:376	Command.LookupMaxResults	Int	server/game/World/World.cpp:1584	0		missing_in_rust	-
Int	CONFIG_DB_PING_INTERVAL	server/game/World/World.h:377	MaxPingTime	Int	server/game/World/World.cpp:1635	30		missing_in_rust	-
Int	CONFIG_PRESERVE_CUSTOM_CHANNEL_DURATION	server/game/World/World.h:378	PreserveCustomChannelDuration	Int	server/game/World/World.cpp:795	14		missing_in_rust	-
Int	CONFIG_PRESERVE_CUSTOM_CHANNEL_INTERVAL	server/game/World/World.h:379	PreserveCustomChannelInterval	Int	server/game/World/World.cpp:796	5		missing_in_rust	-
Int	CONFIG_PERSISTENT_CHARACTER_CLEAN_FLAGS	server/game/World/World.h:380	PersistentCharacterCleanFlags	Int	server/game/World/World.cpp:771	0		missing_in_rust	-
Int	CONFIG_LFG_OPTIONSMASK	server/game/World/World.h:381	DungeonFinder.OptionsMask	Int	server/game/World/World.cpp:1602	1		missing_in_rust	-
Int	CONFIG_MAX_INSTANCES_PER_HOUR	server/game/World/World.h:382	AccountInstancesPerHour	Int	server/game/World/World.cpp:1619	5		missing_in_rust	-
Int	CONFIG_XP_BOOST_DAYMASK	server/game/World/World.h:383	XP.Boost.Daymask	Int	server/game/World/World.cpp:651	0		missing_in_rust	-
Int	CONFIG_WARDEN_CLIENT_RESPONSE_DELAY	server/game/World/World.h:384	Warden.ClientResponseDelay	Int	server/game/World/World.cpp:1594	600		missing_in_rust	-
Int	CONFIG_WARDEN_CLIENT_CHECK_HOLDOFF	server/game/World/World.h:385	Warden.ClientCheckHoldOff	Int	server/game/World/World.cpp:1592	30		missing_in_rust	-
Int	CONFIG_WARDEN_CLIENT_FAIL_ACTION	server/game/World/World.h:386	Warden.ClientCheckFailAction	Int	server/game/World/World.cpp:1593	0		missing_in_rust	-
Int	CONFIG_WARDEN_CLIENT_BAN_DURATION	server/game/World/World.h:387	Warden.BanDuration	Int	server/game/World/World.cpp:1591	86400		missing_in_rust	-
Int	CONFIG_WARDEN_NUM_INJECT_CHECKS	server/game/World/World.h:388	Warden.NumInjectionChecks	Int	server/game/World/World.cpp:1588	9		missing_in_rust	-
Int	CONFIG_WARDEN_NUM_LUA_CHECKS	server/game/World/World.h:389	Warden.NumLuaSandboxChecks	Int	server/game/World/World.cpp:1589	1		missing_in_rust	-
Int	CONFIG_WARDEN_NUM_CLIENT_MOD_CHECKS	server/game/World/World.h:390	Warden.NumClientModChecks	Int	server/game/World/World.cpp:1590	1		missing_in_rust	-
Int	CONFIG_WINTERGRASP_PLR_MAX	server/game/World/World.h:391	Wintergrasp.PlayerMax	Int	server/game/World/World.cpp:1646	100		missing_in_rust	-
Int	CONFIG_WINTERGRASP_PLR_MIN	server/game/World/World.h:392	Wintergrasp.PlayerMin	Int	server/game/World/World.cpp:1647	0		missing_in_rust	-
Int	CONFIG_WINTERGRASP_PLR_MIN_LVL	server/game/World/World.h:393	Wintergrasp.PlayerMinLvl	Int	server/game/World/World.cpp:1648	77		missing_in_rust	-
Int	CONFIG_WINTERGRASP_BATTLETIME	server/game/World/World.h:394	Wintergrasp.BattleTimer	Int	server/game/World/World.cpp:1649	30		missing_in_rust	-
Int	CONFIG_WINTERGRASP_NOBATTLETIME	server/game/World/World.h:395	Wintergrasp.NoBattleTimer	Int	server/game/World/World.cpp:1650	150		missing_in_rust	-
Int	CONFIG_WINTERGRASP_RESTART_AFTER_CRASH	server/game/World/World.h:396	Wintergrasp.CrashRestartTimer	Int	server/game/World/World.cpp:1651	10		missing_in_rust	-
Int	CONFIG_TOLBARAD_PLR_MAX	server/game/World/World.h:397	TolBarad.PlayerMax	Int	server/game/World/World.cpp:1655	100		missing_in_rust	-
Int	CONFIG_TOLBARAD_PLR_MIN	server/game/World/World.h:398	TolBarad.PlayerMin	Int	server/game/World/World.cpp:1656	0		missing_in_rust	-
Int	CONFIG_TOLBARAD_PLR_MIN_LVL	server/game/World/World.h:399	TolBarad.PlayerMinLvl	Int	server/game/World/World.cpp:1657	85		missing_in_rust	-
Int	CONFIG_TOLBARAD_BATTLETIME	server/game/World/World.h:400	TolBarad.BattleTimer	Int	server/game/World/World.cpp:1658	15		missing_in_rust	-
Int	CONFIG_TOLBARAD_BONUSTIME	server/game/World/World.h:401	TolBarad.BonusTime	Int	server/game/World/World.cpp:1659	5		missing_in_rust	-
Int	CONFIG_TOLBARAD_NOBATTLETIME	server/game/World/World.h:402	TolBarad.NoBattleTimer	Int	server/game/World/World.cpp:1660	150		missing_in_rust	-
Int	CONFIG_TOLBARAD_RESTART_AFTER_CRASH	server/game/World/World.h:403	TolBarad.CrashRestartTimer	Int	server/game/World/World.cpp:1661	10		missing_in_rust	-
Int	CONFIG_GUILD_SAVE_INTERVAL	server/game/World/World.h:404	Guild.SaveInterval	Int	server/game/World/World.cpp:1638	15		missing_in_rust	-
Int	CONFIG_PACKET_SPOOF_POLICY	server/game/World/World.h:405	PacketSpoof.Policy	Int	server/game/World/World.cpp:1671	(uint32)WorldSession::DosProtection::POLICY_KICK		missing_in_rust	-
Int	CONFIG_PACKET_SPOOF_BANMODE	server/game/World/World.h:406	PacketSpoof.BanMode	Int	server/game/World/World.cpp:1672	(uint32)BAN_ACCOUNT		missing_in_rust	-
Int	CONFIG_PACKET_SPOOF_BANDURATION	server/game/World/World.h:407	PacketSpoof.BanDuration	Int	server/game/World/World.cpp:1676	86400		missing_in_rust	-
Int	CONFIG_ACC_PASSCHANGESEC	server/game/World/World.h:408	Account.PasswordChangeSecurity	Int	server/game/World/World.cpp:1608	0		missing_in_rust	-
Int	CONFIG_BG_REWARD_WINNER_HONOR_FIRST	server/game/World/World.h:409	Battleground.RewardWinnerHonorFirst	Int	server/game/World/World.cpp:1611	27000		missing_in_rust	-
Int	CONFIG_BG_REWARD_WINNER_HONOR_LAST	server/game/World/World.h:410	Battleground.RewardWinnerHonorLast	Int	server/game/World/World.cpp:1613	13500		missing_in_rust	-
Int	CONFIG_BG_REWARD_LOSER_HONOR_FIRST	server/game/World/World.h:411	Battleground.RewardLoserHonorFirst	Int	server/game/World/World.cpp:1615	4500		missing_in_rust	-
Int	CONFIG_BG_REWARD_LOSER_HONOR_LAST	server/game/World/World.h:412	Battleground.RewardLoserHonorLast	Int	server/game/World/World.cpp:1616	3500		missing_in_rust	-
Int	CONFIG_BG_REWARD_WINNER_CONQUEST_FIRST	server/game/World/World.h:413	Battleground.RewardWinnerConquestFirst	Int	server/game/World/World.cpp:1612	10000		missing_in_rust	-
Int	CONFIG_BG_REWARD_WINNER_CONQUEST_LAST	server/game/World/World.h:414	Battleground.RewardWinnerConquestLast	Int	server/game/World/World.cpp:1614	5000		missing_in_rust	-
Int	CONFIG_CREATURE_PICKPOCKET_REFILL	server/game/World/World.h:415	Creature.PickPocketRefillDelay	Int	server/game/World/World.cpp:1369	10 * MINUTE		missing_in_rust	-
Int	CONFIG_CREATURE_STOP_FOR_PLAYER	server/game/World/World.h:416	Creature.MovingStopTimeForPlayer	Int	server/game/World/World.cpp:1370	3 * MINUTE * IN_MILLISECONDS		missing_in_rust	-
Int	CONFIG_AHBOT_UPDATE_INTERVAL	server/game/World/World.h:417	AuctionHouseBot.Update.Interval	Int	server/game/World/World.cpp:1681	20		missing_in_rust	-
Int	CONFIG_FEATURE_SYSTEM_CHARACTER_UNDELETE_COOLDOWN	server/game/World/World.h:418	FeatureSystem.CharacterUndelete.Cooldown	Int	server/game/World/World.cpp:1599	2592000		missing_in_rust	-
Int	CONFIG_CHARTER_COST_GUILD	server/game/World/World.h:419	Guild.CharterCost	Int	server/game/World/World.cpp:942	1000		missing_in_rust	-
Int	CONFIG_NO_GRAY_AGGRO_ABOVE	server/game/World/World.h:423	NoGrayAggro.Above	Int	server/game/World/World.cpp:1457	0		missing_in_rust	-
Int	CONFIG_NO_GRAY_AGGRO_BELOW	server/game/World/World.h:424	NoGrayAggro.Below	Int	server/game/World/World.cpp:1458	0		missing_in_rust	-
Int	CONFIG_AUCTION_REPLICATE_DELAY	server/game/World/World.h:425	Auction.ReplicateItemsCooldown	Int	server/game/World/World.cpp:772	900		missing_in_rust	-
Int	CONFIG_AUCTION_SEARCH_DELAY	server/game/World/World.h:426	Auction.SearchDelay	Int	server/game/World/World.cpp:773	300		missing_in_rust	-
Int	CONFIG_AUCTION_TAINTED_SEARCH_DELAY	server/game/World/World.h:427	Auction.TaintedSearchDelay	Int	server/game/World/World.cpp:779	3000		missing_in_rust	-
Int	CONFIG_TALENTS_INSPECTING	server/game/World/World.h:428	TalentsInspecting	Int	server/game/World/World.cpp:1293	1		missing_in_rust	-
Int	CONFIG_RESPAWN_MINCHECKINTERVALMS	server/game/World/World.h:429	Respawn.MinCheckIntervalMS	Int	server/game/World/World.cpp:1476	5000		missing_in_rust	-
Int	CONFIG_RESPAWN_DYNAMICMODE	server/game/World/World.h:430	Respawn.DynamicMode	Int	server/game/World/World.cpp:1477	0		missing_in_rust	-
Int	CONFIG_RESPAWN_GUIDWARNLEVEL	server/game/World/World.h:431	Respawn.GuidWarnLevel	Int	server/game/World/World.cpp:1484	12000000		missing_in_rust	-
Int	CONFIG_RESPAWN_GUIDALERTLEVEL	server/game/World/World.h:432	Respawn.GuidAlertLevel	Int	server/game/World/World.cpp:1490	16000000		missing_in_rust	-
Int	CONFIG_RESPAWN_RESTARTQUIETTIME	server/game/World/World.h:433	Respawn.RestartQuietTime	Int	server/game/World/World.cpp:1496	3		missing_in_rust	-
Int	CONFIG_RESPAWN_DYNAMICMINIMUM_CREATURE	server/game/World/World.h:434	Respawn.DynamicMinimumCreature	Int	server/game/World/World.cpp:1508	10		missing_in_rust	-
Int	CONFIG_RESPAWN_DYNAMICMINIMUM_GAMEOBJECT	server/game/World/World.h:435	Respawn.DynamicMinimumGameObject	Int	server/game/World/World.cpp:1515	10		missing_in_rust	-
Int	CONFIG_RESPAWN_GUIDWARNING_FREQUENCY	server/game/World/World.h:436	Respawn.WarningFrequency	Int	server/game/World/World.cpp:1518	1800		missing_in_rust	-
Int	CONFIG_SOCKET_TIMEOUTTIME_ACTIVE	server/game/World/World.h:437	SocketTimeOutTimeActive	Int	server/game/World/World.cpp:860	60000		missing_in_rust	-
Int	CONFIG_BLACKMARKET_MAXAUCTIONS	server/game/World/World.h:438	BlackMarket.MaxAuctions	Int	server/game/World/World.cpp:1689	12		missing_in_rust	-
Int	CONFIG_BLACKMARKET_UPDATE_PERIOD	server/game/World/World.h:439	BlackMarket.UpdatePeriod	Int	server/game/World/World.cpp:1690	24		missing_in_rust	-
Int	CONFIG_FACTION_BALANCE_LEVEL_CHECK_DIFF	server/game/World/World.h:440	Pvp.FactionBalance.LevelCheckDiff	Int	server/game/World/World.cpp:1717	0		missing_in_rust	-
Int64	CONFIG_CHARACTER_CREATING_DISABLED_RACEMASK	server/game/World/World.h:446	CharacterCreating.Disabled.RaceMask	Int64	server/game/World/World.cpp:948	0		missing_in_rust	-
